2.524168,14.373808,7.751680,2.421997,2.721608,3.070265,6.070085,20.726355
2.513132,14.316765,7.845375,2.396395,2.731375,3.076069,6.041141,20.760443
2.505059,14.336743,8.011978,2.381033,2.748630,3.091284,5.949862,20.703022
2.506885,14.383919,8.153004,2.496990,2.763236,3.108888,5.836433,20.527571
2.508633,14.352269,8.272381,2.604947,2.775599,3.153271,5.755299,20.303301
2.517450,14.134544,8.414874,2.731993,2.642675,3.240915,5.647270,20.092161
2.501460,13.959104,8.505476,2.804879,2.389376,3.242469,5.534525,19.939735
2.524514,13.830408,8.601808,2.877728,2.080434,3.218100,5.344186,19.964088
2.526298,13.833694,8.645288,2.903447,1.993465,3.207478,5.290155,19.995087
2.524609,13.826367,8.703172,2.950857,1.839831,3.189472,5.182710,19.935537
2.555214,13.871655,8.465647,2.973376,1.709782,3.170489,5.087553,19.871712
2.583465,13.945562,8.175780,2.974561,1.599698,3.141157,5.003761,19.800783
2.598667,13.907064,8.047987,2.969758,1.551166,3.117659,5.000320,19.847719
2.611047,13.851027,7.930413,2.965339,1.506515,3.099189,5.005144,19.916391
2.622197,13.799394,7.850556,2.956316,1.441695,3.073603,5.004833,19.972406
2.648943,13.826989,7.667642,3.054943,1.111161,2.992891,4.920037,20.160374
2.667772,13.900986,7.651163,3.072047,1.056411,2.977241,4.922017,20.172207
2.695025,14.035665,7.517560,3.084912,0.959694,2.950601,4.949521,20.184517
2.715998,14.107727,7.359248,3.106977,0.877825,2.918291,4.973868,20.173946
2.733077,14.129020,7.287295,3.124038,0.841732,2.904047,4.972274,20.236582
2.736540,14.040789,7.167184,3.154176,0.790326,2.870522,4.957250,20.425283
2.718000,13.765846,7.102906,3.168760,0.758179,2.835043,4.975296,20.645502
2.708081,13.669634,7.072953,3.175190,0.744006,2.815999,4.973990,20.744577
2.698955,13.581114,7.055666,3.181106,0.730966,2.803779,4.966342,20.787239
2.771768,13.315277,6.994612,3.248016,0.688433,2.754003,4.932201,20.956335
2.874614,13.236341,6.900726,3.241381,0.629985,2.621324,4.939642,21.228756
3.014799,13.156631,6.821194,3.248776,0.580509,2.519231,4.972477,21.372740
3.089388,13.122018,6.730034,3.252037,0.546448,2.474221,4.988132,21.424114
3.209959,13.052551,6.565971,3.254943,0.528373,2.392736,5.038559,21.646679
3.280602,12.848986,6.366158,3.250039,0.513072,2.318452,5.070659,21.869619
3.306302,12.686251,6.255829,3.247877,0.506326,2.286403,5.084811,22.007622
3.352605,12.396740,5.993191,3.244057,0.494410,2.237253,5.113257,22.163654
3.391172,12.184746,5.829326,3.273527,0.484324,2.203837,5.103774,22.144995
3.427672,11.982853,5.899148,3.383889,0.475785,2.178676,5.158277,22.156687
3.533211,11.705837,5.944205,3.550551,0.465371,2.144621,5.272771,22.272629
3.564000,11.616088,5.940723,3.610385,0.462440,2.135035,5.311157,22.346962
3.600771,11.285312,5.934573,3.614880,0.457261,2.147456,5.415186,22.487898
3.631477,10.957353,5.929367,3.545179,0.452877,2.220796,5.514657,22.662371
3.653703,10.803791,5.927072,3.514450,0.450945,2.230686,5.562937,22.752998
3.681153,10.549809,5.891757,3.460168,0.447531,2.220994,5.627344,22.900377
3.710143,10.322973,5.748136,3.407615,0.444641,2.206608,5.712779,23.019676
3.730564,10.259035,5.668442,3.384447,0.443367,2.199571,5.757131,23.091438
3.769125,10.095054,5.444027,3.302850,0.440124,2.209149,5.908914,22.914789
3.803885,10.029597,5.364491,3.263462,0.439211,2.222793,5.938897,22.815577
3.840632,9.959085,5.291314,3.227223,0.438371,2.234951,5.984295,22.740395
3.943344,9.678284,5.110676,3.129514,0.436233,2.311358,6.164001,23.027411
3.978487,9.554530,5.060721,3.102008,0.435631,2.353801,6.217369,23.194782
4.027636,9.297018,4.972473,3.053417,0.484863,2.456675,6.306998,23.441498
4.074977,9.109636,4.869455,3.012287,0.526536,2.537709,6.350745,23.555737
4.106560,9.047688,4.772480,2.966608,0.544909,2.559084,6.382501,23.651316
4.162793,8.952807,4.601169,2.886049,0.577364,2.594330,6.438600,23.706203
4.219875,8.716237,4.435060,2.797147,0.604837,2.616515,6.440016,23.794415
4.251442,8.431050,4.251030,2.721893,0.977027,2.688689,6.425397,23.885527
4.300383,8.250911,4.095253,2.604076,1.292080,2.810451,6.372547,24.106630
4.332724,8.217426,4.044932,2.552135,1.430975,2.874798,6.339427,24.286161
4.374129,8.159453,3.936473,2.432546,1.676338,3.008748,6.271009,24.458439
4.390658,8.036702,3.851166,2.331317,1.881201,3.184844,6.195185,24.511269
4.415631,7.992069,3.783681,2.286688,1.971518,3.287982,6.158303,24.507662
4.459746,7.934571,3.654194,2.207851,2.131065,3.509572,6.118151,24.508064
4.489032,7.967953,3.535262,2.141116,2.301187,3.790797,6.109115,24.551109
4.475374,7.936156,3.434588,2.012014,2.445192,4.031457,6.128115,24.608627
4.383574,7.836770,3.311800,1.847775,2.620831,4.333230,6.090406,24.466173
4.308553,7.756761,3.245431,1.750695,2.758215,4.495143,6.041667,24.447533
4.281054,7.717440,3.175408,1.700366,2.956103,4.566948,6.028066,24.404657
4.288853,7.706614,3.111048,1.712600,3.138169,4.679184,6.062388,24.381842
4.328418,7.777941,2.993948,1.745080,3.891269,4.951631,6.123017,24.381737
4.393646,7.952623,2.891690,1.772573,4.627819,5.237350,6.167673,24.203526
4.421500,8.039168,2.846607,1.792594,4.974397,5.371785,6.196223,24.162106
4.488643,8.212417,2.697081,1.799773,5.852340,5.638684,6.337878,24.303604
4.580517,8.639181,2.076255,1.737977,7.602377,6.197519,6.514336,24.528957
4.577632,8.756254,1.949299,1.723809,8.017124,6.309049,6.544459,24.624786
4.576333,8.865557,1.832493,1.710774,8.523086,6.427894,6.568360,24.708172
4.703916,9.221915,1.557458,1.749865,10.771915,6.662974,6.695061,25.539238
4.750115,9.340891,1.483583,1.770322,11.598483,6.731335,6.750170,25.857954
4.798123,9.450352,1.415614,1.792209,12.496392,6.824465,6.827939,26.192642
4.902209,9.744167,1.242612,1.921907,15.251351,7.096165,7.166323,26.988203
4.932303,9.834572,1.193910,1.988988,16.186077,7.208198,7.256283,27.236801
4.951751,9.910906,1.149103,2.050706,17.170296,7.334673,7.333841,27.479261
5.050909,10.017558,1.035052,2.207798,19.831619,7.830548,7.592009,28.466034
5.125941,10.208139,0.946230,2.345207,22.181131,8.182034,7.913296,29.394512
5.128529,10.321616,0.933416,2.484115,23.541439,8.394197,8.209738,29.528435
5.137269,10.374175,0.927767,2.547316,24.154228,8.481266,8.350645,29.574696
5.168478,10.515715,0.917787,2.658962,25.186441,8.607181,8.551827,29.553492
5.181262,10.567437,0.913387,2.708184,25.641508,8.666619,8.655803,29.669542
5.220287,10.668221,0.905615,2.795134,26.576571,8.779922,8.883355,30.181864
5.326616,10.707536,0.901196,2.896370,28.048800,8.875639,9.165808,30.772232
5.422475,10.769955,0.897806,3.047115,29.984974,9.057355,9.465183,31.424425
5.469099,10.783360,0.895528,3.113573,30.831663,9.121925,9.587820,31.761171
5.614894,10.646186,0.869741,3.492100,33.830105,9.279651,10.123772,33.768589
5.636779,10.575740,0.851351,3.579495,34.513535,9.296910,10.255850,34.250984
5.675061,10.473521,0.801351,3.733879,35.709965,9.324968,10.512620,35.145992
5.751882,10.387836,0.768067,3.864563,36.712711,9.278084,10.726551,35.867645
5.787606,10.322489,0.753393,3.922177,37.190250,9.268310,10.820493,36.238346
5.865547,10.339668,0.727406,4.023953,38.015572,9.186188,10.981887,36.953899
5.939404,10.409029,0.705348,4.110105,38.968292,9.140893,11.158265,37.573326
5.994637,10.493898,0.686677,4.206730,39.882477,9.114770,11.303077,38.158836
6.025558,10.632352,0.670871,4.288521,40.798462,9.074775,11.384958,38.750931
6.037136,10.817075,0.646103,4.357823,41.861317,8.937612,11.445444,40.091656
6.032339,10.848690,0.656042,4.364962,41.782059,8.849198,11.464188,40.428440
6.026994,10.722569,0.673599,4.398639,41.748322,8.701228,11.503836,41.061768
6.017833,10.658080,0.708227,4.423582,41.836651,8.656435,11.528392,41.370445
6.029731,10.610837,0.740087,4.438630,42.122322,8.615223,11.528637,41.653416
6.015966,10.462192,0.821181,4.484194,42.465805,8.394278,11.404957,42.164295
6.014483,10.501940,0.868718,4.505810,42.548710,8.302367,11.361309,42.335793
6.014418,10.458977,0.952695,4.447591,42.685791,8.142759,11.317984,42.601173
6.046413,10.393728,1.023780,4.401404,42.572803,7.993960,11.274202,42.819469
5.999655,10.293623,1.072352,4.325272,41.887882,7.888149,11.201421,42.722717
5.962935,10.220273,1.088206,4.276905,41.309124,7.803773,11.145952,42.580170
5.919686,10.095615,1.116214,4.223154,40.117126,7.647405,10.996424,42.583138
5.871264,9.993917,1.139922,4.198983,38.712555,7.517013,10.786942,43.070068
5.844491,9.908424,1.150375,4.172436,38.011620,7.467011,10.688115,43.341320
5.819859,9.829766,1.159991,4.147303,37.259720,7.417389,10.603884,43.569397
5.771183,9.780338,1.176979,4.102905,35.636494,7.261487,10.453571,43.870132
5.737325,9.818898,1.184468,4.083331,34.893822,7.169653,10.366980,44.030914
5.600130,9.806552,1.203531,4.025663,33.075562,6.966676,10.057408,44.275673
5.538415,9.760093,1.192577,3.953610,32.069057,6.842962,9.742249,44.559925
5.506725,9.759264,1.177561,3.906864,31.594263,6.766166,9.568146,44.646564
5.436366,9.740777,1.151035,3.820518,30.755527,6.621357,9.242861,44.817970
5.387644,9.693302,1.133366,3.776192,30.045549,6.500064,8.942112,44.845020
5.379213,9.670185,1.127870,3.756650,29.723829,6.446687,8.790425,44.755020
5.330781,9.620923,1.118160,3.722129,28.734713,6.392282,8.498581,44.834209
5.252750,9.620189,1.126770,3.622063,27.172440,6.311387,8.173588,44.929375
5.208760,9.664275,1.216857,3.642141,26.226572,6.264221,8.020790,44.882915
5.045456,9.836976,1.598605,3.598149,22.794037,6.066412,7.475499,44.519505
5.017425,9.869958,1.696744,3.568520,22.043625,6.024334,7.364754,44.349064
4.974730,9.986787,1.996996,3.516179,20.718004,6.005610,7.161684,44.080383
4.948166,10.104452,2.264508,3.496656,19.769402,6.061559,6.964386,44.368744
4.908035,10.165894,2.395183,3.499924,19.382866,6.093135,6.874541,44.576195
4.839130,10.244333,2.626025,3.519351,18.948683,6.148366,6.739645,44.882538
4.819755,10.268803,2.727795,3.527916,18.873365,6.195202,6.672363,45.073952
4.806952,10.235485,2.821429,3.535796,18.844336,6.209757,6.624995,45.213707
4.802681,10.159709,2.986834,3.537373,18.799879,6.191722,6.555686,45.748604
4.819343,10.093529,3.301152,3.651428,18.886419,6.253396,6.558538,46.253227
4.876580,10.020278,3.670991,3.802142,19.119438,6.311017,6.626603,46.563622
4.935626,10.016901,4.018183,3.961819,19.424082,6.457695,6.691739,46.710129
4.974481,10.056437,4.175197,4.042862,19.579460,6.523942,6.702776,46.716854
4.986263,10.104841,4.423780,4.148536,20.361176,6.661022,6.701297,46.726856
5.003211,10.150536,4.608893,4.202312,21.076172,6.678173,6.685535,46.988777
5.021443,10.155279,4.678375,4.226020,21.126904,6.666243,6.692208,47.117626
5.042470,10.179449,4.742302,4.247834,21.138145,6.655266,6.699751,47.249054
5.079201,10.406118,5.104007,4.295161,21.561132,6.722417,6.728206,47.522060
5.149791,10.501569,5.312963,4.325822,22.039711,6.834984,6.792811,47.732708
5.178695,10.561769,5.405398,4.341692,22.254860,6.884016,6.831630,47.805145
5.215000,10.663633,5.568688,4.363786,22.634922,6.968674,6.893984,47.936161
5.250358,10.757888,5.706911,4.389835,22.956640,7.044358,6.946385,48.020195
5.288367,10.835504,5.823913,4.377129,23.228966,7.105977,6.972529,47.910984
5.343558,10.867290,5.875495,4.376534,23.349028,7.120935,6.985724,47.614082
5.461561,10.994396,6.004279,4.302023,23.604067,7.103713,6.966586,47.096874
5.586477,11.085711,6.147942,4.224614,23.819956,7.013766,6.981530,46.794495
5.644082,11.058461,6.211279,4.190906,23.915131,6.967563,7.009890,46.652653
5.826103,11.266075,6.422941,4.080956,23.988497,6.779339,7.152949,45.934093
5.857676,11.360278,6.466929,4.058734,23.927330,6.734880,7.197038,45.709656
5.919104,11.465798,6.624308,4.019480,23.819281,6.656341,7.276455,45.446678
5.967437,11.584948,6.782138,3.986251,23.727819,6.597835,7.343820,45.238049
5.981394,11.708342,6.859717,3.983559,23.687496,6.592289,7.378149,45.138336
5.991827,11.978872,7.016640,4.007480,23.629274,6.588915,7.441458,45.145519
5.953918,12.226851,7.149472,4.048500,23.579988,6.556473,7.424004,44.613770
5.927573,12.288376,7.233698,4.068595,23.556658,6.533350,7.428547,44.340084
5.904573,12.390209,7.290212,4.093342,23.537855,6.522747,7.434039,44.053192
5.924566,12.833299,7.158482,3.916702,23.480801,6.499071,7.504158,43.287186
5.921990,12.986415,7.125005,3.876105,23.388922,6.485589,7.520330,42.974262
5.896669,13.326560,6.940695,3.772775,23.155060,6.387538,7.483351,42.132454
5.868844,13.403820,6.863893,3.743687,23.033281,6.315730,7.470444,41.757618
5.843690,13.450926,6.766646,3.692142,22.855145,6.229489,7.441094,41.283978
5.819672,13.557281,6.519122,3.547289,22.084995,5.995397,7.428884,40.039291
5.797922,13.565223,6.449442,3.504336,21.737087,5.952958,7.435976,39.599762
5.732084,13.593492,6.326350,3.428458,20.864105,5.877989,7.385753,38.686283
5.661530,13.596602,6.177255,3.326921,19.880249,5.779358,7.286826,37.516838
5.499697,13.664752,5.706775,3.012275,18.233921,5.596871,7.020339,35.890770
5.383565,13.809313,5.413674,2.817910,17.194294,5.408883,6.885198,35.057514
5.324275,13.833657,5.280507,2.721573,16.711071,5.330984,6.865055,34.642761
5.167072,13.959099,4.941554,2.414972,14.530547,5.061883,6.759887,33.410027
5.141682,14.060869,4.844556,2.327072,13.799146,4.986523,6.733280,32.956436
5.090903,14.150735,4.755314,2.246201,13.266930,4.932720,6.695307,32.494434
4.992600,14.169534,4.534815,2.099182,12.482200,4.909364,6.629000,31.722145
4.927627,14.126148,4.240520,1.964173,11.405226,4.828336,6.551313,30.965523
4.870448,14.070838,4.095932,1.901426,10.827179,4.772011,6.489042,30.620419
4.717408,14.032817,3.840199,1.781152,10.008169,4.670214,6.346838,29.899982
4.533303,13.994682,3.527873,1.630633,9.010296,4.522548,6.172248,28.999590
4.425266,14.091540,3.359058,1.544583,8.517448,4.434292,6.135816,28.517139
4.400143,14.176467,3.284633,1.506647,8.314392,4.409396,6.125344,28.275768
4.345619,14.278629,3.216159,1.459762,8.128125,4.408941,6.156745,28.062422
4.289200,14.332062,3.153159,1.416625,8.071658,4.410405,6.203680,27.821009
4.139369,14.483087,2.909102,1.408450,8.538614,4.548427,6.362638,27.124784
4.110553,14.532495,2.840398,1.410212,8.967300,4.614484,6.402318,26.927237
4.084062,14.526805,2.777186,1.420502,9.361711,4.670421,6.438824,26.774111
4.015256,14.371480,2.563700,1.454068,11.222946,4.929025,6.545531,26.419712
4.014558,14.282498,2.400071,1.477271,12.395465,5.139801,6.708080,26.433546
4.055878,14.223290,2.236948,1.506276,14.083136,5.491508,6.943839,26.500343
4.095574,14.213198,2.157364,1.532571,14.909709,5.750833,7.087914,26.547401
4.163470,14.198333,2.069006,1.541828,15.691920,5.994087,7.234564,26.499102
4.370373,14.236021,1.844106,1.544617,18.093016,6.599171,7.719619,26.714609
4.431979,14.270930,1.755130,1.543545,18.942949,6.787802,7.854930,26.831573
4.517411,14.199531,1.602616,1.523658,20.439262,7.200275,8.118186,27.450197
4.541341,14.135307,1.535378,1.531675,21.280491,7.444424,8.262269,27.852758
4.619405,13.743437,1.256069,1.594430,25.397102,8.642449,8.720812,28.702145
4.631918,13.637110,1.180484,1.611455,26.338125,8.923984,8.850851,28.852457
4.662845,13.438096,1.046960,1.641531,28.352644,9.434549,9.127410,29.133331
4.678230,13.260291,0.933935,1.666989,30.398525,9.866183,9.371560,29.472704
4.749135,13.177797,0.838261,1.700920,32.212215,10.216140,9.581016,29.794264
4.774163,13.127995,0.796935,1.754794,33.168400,10.322540,9.654664,29.935642
4.797835,13.084940,0.759768,1.804360,34.109447,10.439134,9.771931,30.144613
4.896920,12.994736,0.694151,1.956767,36.698662,10.813643,10.223287,30.811804
5.002266,13.075978,0.647775,2.070064,38.609509,11.061910,10.479896,31.154964
5.092312,13.014674,0.575213,2.192956,41.965870,11.398088,10.751199,31.506521
5.113284,12.978819,0.554786,2.231642,43.193817,11.504621,10.814084,31.624403
5.139172,12.945831,0.535992,2.267234,44.320889,11.636086,10.900853,31.787146
5.159284,12.912504,0.518701,2.299980,45.357845,11.777643,10.972964,32.090584
5.193682,12.607347,0.474690,2.383331,47.955250,12.146683,11.226234,32.921696
5.220805,12.537040,0.462366,2.432471,48.649963,12.205858,11.324100,33.163055
5.311241,12.423689,0.488591,2.581957,50.230877,12.341016,11.582520,33.724911
5.358138,12.373275,0.517782,2.677896,51.045391,12.417295,11.716682,34.003590
5.515557,12.290037,0.592084,2.942621,53.080273,12.619388,12.064507,34.539364
5.727973,12.168151,0.649950,3.213223,55.788013,13.036275,12.366473,35.420265
5.869250,11.996294,0.681228,3.393614,57.493771,13.359367,12.485654,35.826733
5.930253,11.800374,0.707703,3.546311,59.055943,13.771826,12.535411,36.249371
5.971506,11.712442,0.719376,3.613631,59.660637,13.966776,12.527371,36.445129
6.009186,11.641994,0.722708,3.641457,60.120304,14.152969,12.504713,36.626698
6.061005,11.395732,0.731192,3.696769,60.682426,14.445968,12.407894,37.199303
6.082921,11.293363,0.733580,3.701584,60.690750,14.533718,12.382363,37.428371
6.127730,11.122445,0.737798,3.792115,60.601727,14.643315,12.313717,37.904152
6.172115,10.953868,0.742943,3.981760,61.266701,14.801260,12.214943,38.127079
6.181166,10.791448,0.746951,4.206273,60.675854,14.765613,12.028396,38.422466
6.070033,10.053979,0.783883,4.303263,60.019646,14.373995,11.446914,39.404541
6.035928,9.896145,0.793848,4.314803,59.943726,14.343632,11.326847,39.571522
6.012732,9.766753,0.800587,4.325420,60.005009,14.297428,11.218715,39.710159
5.968897,9.388225,0.818068,4.311601,59.803249,13.862679,10.837094,39.498093
5.967269,9.255352,0.827918,4.283703,58.971771,13.391687,10.616514,39.377735
5.978349,9.262688,0.862337,4.265356,58.566730,13.193491,10.525621,39.341541
6.005001,9.340368,1.067616,4.281553,57.542683,12.684191,10.259416,38.920135
6.007124,9.375415,1.169829,4.303980,57.087315,12.538765,10.175120,38.679863
5.975819,9.394546,1.350390,4.337148,56.218464,12.263288,9.995448,38.470631
5.925608,9.340636,1.542142,4.380984,55.310295,12.021937,9.858160,38.452072
5.904962,9.332957,1.630072,4.428427,54.786110,11.892923,9.767396,38.441830
5.870329,9.323525,1.759111,4.512237,54.010761,11.666949,9.522926,38.387650
5.836107,9.361037,1.816000,4.522940,53.619942,11.582813,9.401624,38.452702
5.812233,9.332129,1.868340,4.532788,53.148788,11.482011,9.294891,38.559425
5.772218,9.198320,2.009887,4.557853,51.299862,11.266472,9.114127,39.067757
5.763467,9.162237,2.072616,4.566364,50.535061,11.206665,9.076149,39.236168
5.739689,9.100755,2.183428,4.581399,48.894371,11.046015,8.927343,39.431572
5.704649,9.048709,2.277229,4.594127,47.505550,10.841571,8.795680,39.156517
5.682313,9.036227,2.318583,4.599739,46.861660,10.747103,8.728867,39.034367
5.600340,9.013187,2.497602,4.564722,44.977264,10.513345,8.443110,38.921192
5.550949,9.023912,2.519221,4.484329,44.231659,10.394171,8.306404,38.866188
5.464374,9.027681,2.557413,4.342311,43.050522,10.225514,8.123531,38.836411
5.377336,8.990635,2.589741,4.201564,42.203911,10.135996,7.997985,38.930832
5.346158,8.996069,2.603994,4.139513,41.576458,10.092774,7.949542,38.875877
5.259248,9.009789,2.653150,4.056100,40.418522,9.953572,7.834444,38.996944
5.196091,9.004747,2.704810,4.048606,39.471661,9.896011,7.772666,39.252274
5.175431,8.984882,2.762176,4.071607,39.036289,9.802719,7.766756,39.365757
5.071664,8.826355,3.096801,4.262628,37.809612,9.485606,7.685367,39.716488
5.055037,8.782115,3.166796,4.328859,37.750385,9.486171,7.676405,39.786240
5.063024,8.820566,3.295639,4.496596,37.715424,9.479330,7.674379,39.976200
5.065878,9.028859,3.409481,4.556558,37.838467,9.471732,7.689952,40.035378
5.060845,9.152183,3.472851,4.581975,37.685589,9.458246,7.693757,40.069084
5.040093,9.304779,3.584795,4.693286,37.385929,9.526906,7.682980,40.236649
4.999002,9.462968,3.756407,4.877397,38.052299,9.756086,7.675474,40.308071
4.959551,9.494020,3.821518,4.959310,38.460575,9.799384,7.700574,40.164928
4.930349,9.521753,3.915251,5.074031,38.806171,9.833158,7.735238,40.035046
4.964478,9.568827,4.292659,5.476133,39.702168,10.077304,8.091850,40.090153
4.960749,9.659772,4.456590,5.635210,39.576180,10.158088,8.333818,39.925613
4.938484,9.784686,4.595026,5.769866,39.433159,10.230098,8.539371,39.761894
4.919064,9.815351,4.655901,5.837708,39.359512,10.264581,8.634493,39.860119
4.906997,9.810665,4.740377,5.957551,39.126301,10.305719,8.818002,40.245827
4.901497,9.824932,4.812599,6.001268,38.909195,10.294074,8.883766,40.488903
4.892233,9.978202,4.947899,6.170286,38.489807,10.285924,8.981876,40.916138
4.880250,10.394042,5.020847,6.493300,37.895996,10.379755,9.116570,41.309181
4.827457,10.729601,5.189357,6.737468,37.278759,10.510671,9.203587,41.242371
4.811784,10.832861,5.237126,6.776343,36.992016,10.553105,9.224096,41.271042
4.762340,11.093699,5.358715,6.875293,36.100643,10.655494,9.293831,41.423229
4.730333,11.189398,5.392943,6.903148,35.820984,10.666886,9.285348,41.465687
4.701792,11.293280,5.424434,6.928775,35.504055,10.732867,9.272058,41.416065
4.688725,11.535390,5.492492,6.994406,34.732124,11.011930,9.344652,41.132889
4.699615,11.643843,5.549857,7.037262,34.514820,11.094058,9.372147,41.064178
4.739088,11.954968,5.651193,7.122308,34.130947,11.233404,9.405684,41.071415
4.786117,12.320354,5.761318,7.194298,33.801170,11.351357,9.425608,41.285606
4.789255,12.586709,5.785722,7.261249,33.451191,11.458970,9.442152,41.255512
4.835615,12.809314,5.922309,7.470835,32.954117,11.659074,9.383479,41.237679
4.845660,12.876112,5.970098,7.535664,32.612743,11.681744,9.332866,41.235924
4.877908,13.144475,6.084939,7.700674,31.722023,11.690540,9.252713,41.205509
4.849569,13.320237,6.117702,7.633226,30.942467,11.545819,9.209750,40.731617
4.837969,13.402122,6.157598,7.612372,30.600330,11.450095,9.184486,40.474380
4.813720,13.478984,6.159715,7.569391,30.285551,11.362024,9.139917,40.193436
4.879028,13.795727,6.019112,7.321464,28.619511,10.888577,9.053199,39.379669
4.929305,13.968998,6.030458,7.270425,28.112436,10.738751,9.045056,39.177372
5.002643,14.290644,6.150688,7.088656,26.204376,10.291135,8.940758,38.861996
5.033383,14.300790,6.167607,7.033251,25.826782,10.210788,8.913740,38.986141
5.076617,14.334113,6.216733,6.868966,24.841879,9.974510,8.843822,39.129471
5.124015,14.462146,6.233973,6.627042,23.463066,9.656691,8.755290,39.229069
5.136747,14.542296,6.241573,6.515270,22.608772,9.485770,8.706667,39.283810
5.150466,14.674926,6.188914,6.226974,20.684105,9.156484,8.582948,39.393921
5.088645,14.862581,6.071783,5.935208,18.766226,8.821165,8.425760,39.776772
5.005900,15.056609,5.934513,5.681602,17.067480,8.411377,8.193908,39.768700
4.980093,15.092824,5.873994,5.569796,16.297680,8.235064,8.080976,39.753387
4.911958,15.429531,5.636697,5.203103,13.182210,7.575248,7.499202,39.668945
4.891528,15.519102,5.592976,5.154386,12.699164,7.483171,7.413395,39.561630
4.869339,15.615301,5.486711,5.095948,12.254740,7.398456,7.340049,39.431282
4.844847,15.646871,5.352468,4.995755,11.965301,7.327337,7.271680,39.324200
4.798535,15.652701,5.164923,4.794831,11.457350,7.239910,7.165410,39.140232
4.768000,15.622222,5.002817,4.496761,11.009698,7.069464,7.068104,38.995831
4.755303,15.597981,4.876613,4.337191,10.812344,6.999318,7.003360,38.932541
4.733294,15.595810,4.632928,4.055306,10.463711,6.866468,6.907016,38.781425
4.726614,15.571795,4.525496,3.931032,10.310011,6.817556,6.870694,38.664555
4.721874,15.528571,4.335714,3.720360,10.016618,6.670444,6.799889,38.234627
4.725134,15.583160,4.104244,3.488543,9.835259,6.437134,6.793447,38.007961
4.741055,15.613679,4.022940,3.417685,9.826601,6.329586,6.764579,38.001202
4.747232,15.633880,3.948137,3.352492,9.871100,6.252100,6.726635,37.994019
4.739009,15.645646,3.879314,3.292512,9.912043,6.179523,6.665006,37.996727
4.727579,15.627848,3.772413,3.210541,9.949710,6.119936,6.602261,38.061974
4.688458,15.515057,3.583571,3.057655,10.042393,6.052694,6.486665,38.252670
4.659326,15.440573,3.486523,2.990855,10.059151,6.023049,6.442335,38.242382
4.632524,15.351004,3.397236,2.929395,10.302292,6.010105,6.404490,38.249294
4.562641,15.324943,3.029154,2.723043,11.596709,5.934956,6.279884,38.147457
4.538721,15.313478,2.924859,2.661962,12.095216,5.934181,6.268873,38.099819
4.510237,15.265647,2.740619,2.554060,13.325524,5.932813,6.298931,38.215950
4.492981,15.112419,2.584664,2.462723,14.393105,5.867532,6.255447,38.165489
4.488631,15.064955,2.515908,2.422456,14.865561,5.867019,6.246175,38.310848
4.501936,15.043477,2.452650,2.385408,15.355207,5.902838,6.243072,38.464531
4.513052,15.141200,2.235961,2.261702,16.690424,6.012691,6.360632,39.161076
4.525001,15.262308,2.136912,2.264491,17.845242,6.080122,6.467894,39.851986
4.454516,15.262702,2.010940,2.230221,19.159479,6.180972,6.513915,40.249252
4.338137,15.115296,1.732840,2.191008,21.256498,6.636892,6.687399,40.597549
4.137341,14.960427,1.401770,2.141862,24.298326,7.245237,7.069978,40.134296
4.094594,14.918092,1.330265,2.236070,25.221420,7.391643,7.173184,40.035294
4.055265,14.833041,1.266379,2.322745,26.171276,7.573167,7.255517,39.978588
3.995642,14.682791,1.153523,2.475860,27.994598,7.899236,7.426688,39.885475
3.982502,14.626985,1.111957,2.560114,28.985022,8.065197,7.541842,39.673096
3.990952,14.502975,1.038530,2.714751,31.092899,8.403193,7.830152,39.131573
4.003101,14.486682,0.976376,2.853366,32.946796,8.713643,8.096732,39.209797
4.125712,14.660548,0.923763,2.971156,34.656727,8.995494,8.304317,39.474770
4.450001,14.925131,0.939196,3.119382,37.548725,9.435941,8.742010,39.955044
4.534561,15.011443,0.943540,3.149284,38.598026,9.633701,8.871929,40.125038
4.620553,15.061296,0.947537,3.213405,39.719654,9.951922,8.982802,40.208904
4.845803,15.077996,0.954598,3.337723,42.008545,10.504573,9.165462,40.833160
5.036276,14.985888,0.910974,3.453117,44.256752,10.968870,9.287932,41.689236
5.115508,14.926266,0.891742,3.514350,45.405006,11.215460,9.381983,42.224857
5.267356,14.817452,0.857768,3.638190,47.827965,11.765290,9.555389,43.298374
5.346658,14.744028,0.842790,3.692787,48.952492,12.032152,9.639952,43.858280
5.531206,14.577084,0.858278,3.951434,52.246567,12.807140,9.876643,45.335506
5.584830,14.511993,0.862638,4.021298,53.361931,13.054473,9.937222,45.768089
5.722203,14.241080,0.873736,4.206975,56.638615,13.931103,10.093826,47.124878
5.790278,14.159709,0.879735,4.347769,58.783390,14.416513,10.190111,47.872616
5.979884,14.186475,0.887051,4.526074,61.806458,15.008245,10.368119,48.780178
6.037418,14.232130,0.905631,4.576061,62.796211,15.232127,10.444996,48.967476
6.159912,14.293333,0.938452,4.693130,64.477646,15.709039,10.611462,49.606789
6.308045,14.259635,0.967344,4.778327,66.130402,16.091587,10.819872,50.197388
6.400539,14.269650,0.980613,4.815888,66.914642,16.375639,10.901208,50.536640
6.555919,14.223460,1.023215,4.857002,68.058289,16.862766,11.078618,51.083363
6.678602,14.244662,1.059277,4.891803,68.560654,17.273695,11.191177,51.360664
6.773056,14.237713,1.089803,4.921262,69.295357,17.622166,11.360989,51.632988
6.954993,14.233618,1.127035,4.990172,69.907784,17.971163,11.581738,51.912464
7.006988,14.220014,1.137516,5.024062,70.057739,18.064884,11.628413,51.981052
7.054445,14.191412,1.132417,5.047273,70.293236,18.161768,11.641227,51.993168
7.121805,14.156499,1.119441,5.020816,70.696045,18.574137,11.664977,51.679028
7.150965,14.140818,1.120568,5.013368,70.728111,18.684338,11.709386,51.636059
7.214096,14.106145,1.126029,4.950759,70.604042,18.660936,11.705363,51.611214
7.329548,14.198215,1.146015,4.933742,70.411079,18.828545,11.817885,51.936157
7.552817,14.311826,1.191071,4.921884,69.751816,19.009230,11.899662,52.549969
7.804437,14.555505,1.231626,4.626933,68.313675,18.959707,11.878080,53.449928
7.880711,14.637934,1.242460,4.543901,67.811569,18.932428,11.868228,53.861763
7.942461,14.731770,1.244240,4.450758,67.188065,18.883015,11.831402,54.222851
8.070236,15.124131,1.261245,4.239599,66.009857,18.860271,11.556343,54.623890
8.098743,15.149508,1.277326,4.183322,65.821442,18.871998,11.487112,54.413685
8.017518,15.128335,1.395263,4.095909,65.362144,18.927801,11.352229,54.110348
7.823394,15.077533,1.617401,3.988547,64.495110,18.912663,11.122193,53.931553
7.743519,14.990795,1.715484,3.944689,64.003036,18.877693,11.010150,53.857494
7.457213,14.743680,2.130897,3.706675,60.938450,18.216635,10.557558,53.042934
7.386737,14.775392,2.235184,3.671677,59.962818,18.035103,10.456569,52.594936
7.272192,14.888315,2.419410,3.627048,58.041378,17.659130,10.237888,51.595390
7.226948,15.105653,2.597779,3.570962,55.884453,17.174076,9.995349,50.878635
7.198463,15.201584,2.687161,3.546235,54.877201,16.928370,9.881438,50.708569
7.152611,15.354501,2.807850,3.416290,53.035442,16.461769,9.647559,50.524300
7.148226,15.607679,3.009485,3.332785,51.336830,16.015202,9.412017,50.633198
7.146023,15.728153,3.098379,3.325346,50.650539,15.757199,9.303447,50.558769
7.166630,15.853939,3.293424,3.340475,49.337921,15.265869,9.114908,50.214252
7.094725,15.868497,3.688588,3.338596,47.359207,14.679712,9.082482,49.885269
7.001611,15.795527,3.914416,3.338154,45.953957,14.298552,9.079050,49.677105
6.910839,15.633170,4.073857,3.337780,44.583500,13.824644,9.023576,49.395947
6.863741,15.558338,4.176880,3.388681,43.941368,13.585403,8.994186,49.230392
6.833547,15.462305,4.271667,3.441399,43.195335,13.377284,8.945679,49.167507
6.632447,15.147489,4.552752,3.591796,40.669468,12.638955,8.825283,49.144287
6.591918,15.055416,4.659265,3.636717,39.891727,12.391879,8.811027,49.117184
6.554628,15.000631,4.757262,3.678047,39.195526,12.172523,8.824029,49.170521
6.474617,14.890803,5.006697,3.852619,37.398613,11.698402,8.759455,49.607891
6.329806,14.682778,5.212028,4.049441,36.753231,11.517591,8.590332,49.920349
6.294576,14.583152,5.276899,4.089477,36.662270,11.493000,8.538600,50.014637
6.252989,14.516234,5.336584,4.126311,36.481045,11.459722,8.491004,50.103165
6.211222,14.454125,5.442019,4.267463,36.165047,11.325323,8.430099,50.443375
6.181997,14.403901,5.488502,4.353940,35.841095,11.245221,8.388539,50.623127
6.164265,14.323477,5.561435,4.525627,35.369003,11.098303,8.287013,51.226532
6.163020,14.164497,5.749357,4.659328,34.820351,10.964290,8.193010,51.778240
6.153082,14.061154,5.859805,4.716827,34.696667,10.846240,8.128012,51.964325
6.125947,13.974510,5.984124,4.769600,34.653896,10.700353,8.050282,52.121319
6.029939,13.642670,6.297477,4.957389,35.425713,10.325483,7.804651,52.325695
5.919073,13.451820,6.515414,5.058891,36.470032,10.185328,7.676456,51.950775
5.836522,13.341933,6.908209,5.190556,37.399372,10.083700,7.572775,51.561260
5.780891,13.224761,7.255865,5.307793,37.716896,9.898457,7.497005,51.412914
5.756801,13.147911,7.409135,5.358776,37.580139,9.809290,7.467577,51.451283
5.722639,13.108649,7.866888,5.448838,37.338562,9.563908,7.394507,51.601906
5.754324,13.075584,8.262569,5.506504,37.134064,9.351980,7.337632,51.512562
5.760831,13.038732,8.451684,5.560611,37.039989,9.257407,7.327219,51.464722
5.780722,12.971359,8.791317,5.671468,36.873795,9.076706,7.332391,51.359882
5.780444,12.722743,9.110077,5.798762,36.693829,8.830599,7.410057,51.552998
5.796570,12.575205,9.187062,5.823155,36.654991,8.760970,7.446909,51.759789
5.847189,12.320992,9.346087,5.927141,36.668285,8.648597,7.619020,52.212559
5.857328,12.191370,9.434703,6.054251,36.854565,8.611988,7.709671,52.356018
5.864162,12.157619,9.493806,6.171197,37.025951,8.581405,7.793075,52.314636
5.870018,12.080806,9.720380,6.443233,37.328705,8.548919,7.930898,51.961521
5.861151,12.038891,9.820267,6.573576,37.358471,8.512693,7.980521,51.731144
5.800956,11.843401,9.897248,6.777339,37.283878,8.446363,8.126722,51.264771
5.719869,11.642303,9.953128,6.906495,36.589050,8.326580,8.277313,50.879086
5.760297,11.596498,9.920410,6.936844,36.341274,8.242087,8.294037,50.884109
5.905094,11.463155,9.743333,6.992650,35.126240,7.977385,8.232818,51.306042
5.975708,11.534752,9.678365,7.014306,34.794212,7.869725,8.180570,51.392685
6.014512,11.670642,9.619339,6.893457,34.326130,7.774550,8.145043,51.348480
6.077006,11.854464,9.642451,6.756481,33.684101,7.611642,8.056421,50.998005
6.091914,11.977146,9.645954,6.688205,33.316353,7.531234,7.905044,50.745773
6.127524,12.048858,9.693609,6.595379,32.815117,7.440411,7.741271,50.301147
6.148733,12.154743,9.757410,6.463057,32.183300,7.261739,7.672972,49.877445
6.157106,12.215609,9.785537,6.393199,31.608496,7.147159,7.647933,49.506157
6.171833,12.362014,9.921615,6.275036,30.453014,6.860960,7.595388,48.870575
6.157258,12.356275,10.118072,6.061368,28.880836,6.526368,7.632071,48.130611
6.128448,12.353089,10.189823,5.964846,28.430609,6.410578,7.621495,47.814552
6.020720,12.492912,10.311579,5.597657,27.344604,5.963632,7.582900,46.868954
5.970362,12.524515,10.278740,5.506821,26.910799,5.830526,7.531424,46.554504
5.926423,12.535783,10.225825,5.416225,26.362602,5.720773,7.496910,46.269787
5.843927,12.580301,10.075768,5.132165,24.198101,5.496879,7.492203,45.554703
5.815617,12.640361,10.100756,5.083237,23.278845,5.417811,7.515709,45.372833
5.789347,12.733475,9.988952,4.972979,21.510811,5.247657,7.563053,45.220604
5.775153,12.949314,9.695321,4.799143,19.455986,5.045153,7.576705,45.250950
5.773274,12.963386,9.488837,4.680472,18.347244,4.967172,7.620566,45.091591
5.776880,12.941486,9.255830,4.628661,17.866123,4.936362,7.642209,44.988003
5.779946,12.962326,8.996498,4.578661,17.459560,4.896955,7.664614,44.934532
5.781881,13.087469,8.486879,4.480383,16.741358,4.851708,7.692914,44.887177
5.824189,13.291256,8.125340,4.367773,16.133413,4.843545,7.714358,44.957478
5.853729,13.389298,7.972870,4.314708,15.865392,4.830356,7.724899,44.970699
5.887249,13.614381,7.760966,4.251863,15.415023,4.815786,7.682849,44.835522
5.891346,13.763945,7.677983,4.207900,15.258312,4.818447,7.659012,44.794632
5.833127,14.018548,7.429332,3.901516,14.561016,4.827058,7.423943,44.690746
5.800776,13.992532,7.349790,3.761082,14.285935,4.830811,7.365708,44.648506
5.771010,13.958538,7.212981,3.597791,14.032848,4.825241,7.317223,44.549068
5.718876,13.901780,6.971303,3.298922,13.585763,4.856097,7.279679,44.428482
5.675157,13.805431,6.766727,3.043942,13.262473,4.840693,7.259268,44.092293
5.655882,13.792550,6.676538,2.959039,13.182532,4.825894,7.249850,43.903282
5.642754,13.799831,6.593559,2.868936,13.108984,4.804386,7.249949,43.701561
5.409590,13.817362,6.382350,2.639234,12.888506,4.730175,7.101341,42.374374
5.261308,13.894112,6.267579,2.515078,12.797257,4.677035,7.042762,41.411560
5.054894,13.979598,6.120347,2.363649,12.546499,4.607258,7.043140,40.907703
4.950709,13.944992,5.981949,2.261815,12.319539,4.561791,7.051496,40.879681
4.895649,13.941017,5.872992,2.209808,12.219480,4.547463,7.078032,40.940231
4.798935,13.887309,5.568324,2.078392,12.264503,4.480004,7.178090,41.198376
4.759196,13.860242,5.461761,2.055588,12.336743,4.442552,7.232722,41.363956
4.701105,13.857882,5.231898,2.102812,12.407520,4.401340,7.368217,41.737137
4.693542,13.886424,5.118340,2.131596,12.471371,4.409607,7.427550,41.910088
4.718762,13.923555,5.013861,2.158079,12.750627,4.443449,7.513113,42.086288
4.759613,14.170897,4.785263,2.202131,13.695171,4.652436,7.727866,42.408772
4.900588,14.608876,4.432859,2.273549,15.007987,4.923458,7.948078,43.082973
5.012254,14.865200,4.192928,2.310763,15.730962,5.096965,8.060455,43.844139
5.069304,15.021092,3.989830,2.360517,16.430475,5.290780,8.151139,44.071957
5.088342,15.086016,3.886280,2.391198,16.967489,5.402748,8.190170,44.131950
5.109460,15.121910,3.791010,2.419426,17.639290,5.507799,8.223761,44.305336
5.134908,15.257877,3.602268,2.687564,19.403973,5.856368,8.371104,45.097073
5.142522,15.318123,3.557702,2.787920,20.084709,5.947149,8.394275,45.299953
5.189844,15.393693,3.414042,2.956643,21.581156,6.188848,8.475595,45.815765
5.197933,15.360907,3.233330,3.071767,23.288425,6.547698,8.632650,46.166080
5.202169,15.282985,3.150556,3.116491,24.162493,6.743601,8.730438,46.366501
5.218515,14.919216,2.880561,3.264712,27.831104,7.469855,9.018797,46.945210
5.225589,14.877251,2.825994,3.389544,28.849155,7.828937,9.128597,47.032520
5.216438,14.657466,2.729599,3.610063,30.873310,8.452807,9.374430,47.053604
5.192148,14.378986,2.547803,3.759884,33.038849,8.972316,9.585314,47.149994
5.179559,14.239731,2.451554,3.825515,34.138363,9.205002,9.664283,47.232609
5.156987,14.103409,2.356082,3.885899,35.178860,9.417495,9.775865,47.254166
5.104067,13.695259,2.019871,3.995077,37.877300,10.042357,10.144043,47.156010
5.100959,13.555799,1.918560,4.019372,38.831184,10.275974,10.307066,47.098759
5.101233,13.052979,1.561778,4.244404,43.199150,11.544231,10.866011,47.331394
5.112665,12.948689,1.489670,4.297436,44.325268,11.850721,10.981829,47.369751
5.152700,12.799630,1.362290,4.420484,46.676495,12.435771,11.166941,47.537113
5.260497,12.748983,1.254465,4.553222,48.593330,12.960100,11.442019,47.993717
5.317721,12.721626,1.206929,4.600302,49.491238,13.219415,11.561203,48.256294
5.399990,12.709615,1.163193,4.691175,50.471992,13.470553,11.731889,48.638416
5.619200,12.613690,1.051872,4.922476,53.590797,14.159054,12.203985,49.584721
5.689773,12.552426,1.020534,4.987590,54.652500,14.379093,12.344673,49.904213
5.818696,12.347656,0.965175,5.102613,56.631691,14.797785,12.582026,50.177601
5.935596,12.163472,0.918314,5.204148,58.381561,15.208261,12.754164,50.239140
6.035683,12.025619,0.873104,5.306865,60.000786,15.664130,12.884961,50.170311
6.097231,12.000511,0.829733,5.393813,61.779472,16.186989,13.063634,50.155281
6.097961,11.973482,0.810612,5.406690,62.520252,16.434397,13.161118,50.152184
6.104371,11.925167,0.776835,5.391279,63.999386,16.877438,13.391996,50.306660
6.059121,11.776811,0.748243,5.313602,65.459167,17.352695,13.594833,50.415939
5.961616,11.473238,0.718743,5.250584,66.190338,17.639042,13.672247,50.803375
5.906505,11.248181,0.705366,5.224112,66.543991,17.833433,13.684899,51.003654
5.761445,10.773644,0.676088,5.159411,67.299049,18.244537,13.727202,51.223763
5.671691,10.564437,0.663181,5.130888,67.649216,18.454119,13.754113,51.231178
5.435165,9.776521,0.621078,5.115094,69.104095,19.110296,13.944702,51.735626
5.400313,9.698769,0.625484,5.121600,69.352936,19.237753,13.992356,51.805538
5.343213,9.608852,0.682936,5.142142,69.534561,19.420300,14.068186,51.650089
5.297385,9.525838,0.732050,4.990080,69.512054,19.493729,14.045868,51.217350
5.264091,9.477473,0.753703,4.923042,69.308060,19.520258,14.027643,50.994873
5.190290,9.360043,0.803133,4.789629,68.812439,19.458220,13.975127,50.447685
5.120583,9.332707,0.874669,4.692747,68.618782,19.283455,13.798373,49.804485
5.080590,9.305730,0.906207,4.657666,68.458145,19.215006,13.701713,49.311680
4.981472,9.250353,0.961919,4.595696,67.835197,19.043999,13.542844,48.414806
4.885671,9.187340,1.029869,4.430587,66.582993,18.577515,13.298429,47.526638
4.821827,9.149425,1.066597,4.235718,65.334404,18.066414,13.042765,47.254185
4.773019,9.155711,1.082789,4.149807,64.627449,17.840218,12.936337,47.182449
4.737017,9.161496,1.108152,4.070766,63.825367,17.626812,12.838437,47.090851
4.664458,9.165902,1.152957,3.931136,62.241089,17.236479,12.627810,46.834316
4.641829,9.159326,1.172709,3.869578,61.513939,17.060469,12.519986,46.743683
4.622597,9.156992,1.226426,3.850156,60.936760,16.898277,12.424525,46.792572
4.545413,9.138929,1.361399,3.923187,59.994041,16.636099,12.192929,46.867966
4.480884,9.389552,1.551479,3.935111,58.181313,15.929302,11.860703,46.324253
4.450630,9.601932,1.681767,3.937792,56.881779,15.381507,11.653519,46.210030
4.397977,9.764895,1.856118,3.910707,55.513695,14.867268,11.454341,46.180553
4.294937,9.835458,2.132030,4.096720,54.704956,14.495887,11.172976,46.229435
4.180303,9.790110,2.449726,4.231879,53.852791,14.181798,10.887135,46.252407
4.115991,9.738691,2.589787,4.280780,53.288033,14.040334,10.754202,46.220333
4.056821,9.695889,2.728250,4.325773,52.641060,13.924676,10.618817,46.301804
4.001534,9.656508,2.928232,4.367167,52.045818,13.781723,10.495824,46.391167
3.830221,9.732969,3.437254,4.492725,50.032146,13.408543,10.147291,46.768036
3.740547,9.890348,3.712384,4.556421,48.864479,13.205476,9.943328,47.095940
3.705190,9.934150,3.833680,4.575769,48.313984,13.067076,9.867846,47.234169
3.699994,9.974523,3.945277,4.593570,47.760201,12.974069,9.819196,47.453514
3.729948,9.979095,4.177900,4.722161,46.504585,12.766858,9.677311,47.738464
3.759269,9.974813,4.315634,4.868311,46.092648,12.736502,9.602257,47.759899
3.848674,9.958097,4.558945,5.126490,45.613888,12.649857,9.401027,47.629601
3.950017,9.980735,4.764903,5.389813,45.555317,12.438622,9.190415,47.613899
4.041709,10.048836,4.978868,5.619895,45.486309,12.260710,9.007474,47.513653
4.087773,10.094400,5.071030,5.720019,45.297245,12.104513,8.935055,47.440857
4.207148,10.380270,5.241056,5.905301,45.122269,11.885894,8.762787,47.279274
4.349119,10.738180,5.391623,6.063920,45.169796,11.721320,8.568074,47.167011
4.453071,11.054605,5.519074,6.148449,45.231216,11.534243,8.364082,46.959213
4.491944,11.150320,5.575264,6.174796,45.206692,11.493954,8.257724,46.942860
4.533770,11.175969,5.655656,6.199038,45.076546,11.442438,8.167843,47.016609
4.567438,11.208766,5.747500,6.209057,44.913429,11.397671,8.143676,47.117847
4.701029,11.149802,5.835327,6.235428,44.835709,11.398819,8.062648,47.740387
4.759788,11.189506,5.858690,6.243407,45.054924,11.419338,8.055832,47.946465
4.847705,11.284735,5.867688,6.250007,45.477329,11.498287,7.999907,48.315853
4.943722,11.274277,5.837482,6.252187,45.134056,11.597232,7.912199,48.776711
5.067953,11.343157,5.813959,6.295176,45.188881,11.667167,7.785733,49.225136
5.132723,11.313302,5.881013,6.341462,45.435925,11.727180,7.702852,49.232998
5.151378,11.304156,5.931767,6.364484,45.541370,11.753637,7.674241,49.170189
5.181142,11.238512,6.021426,6.450475,45.921009,11.854832,7.617188,49.192165
5.184363,11.209789,6.132005,6.568945,46.811104,12.013700,7.576894,49.133308
5.183813,11.202450,6.203402,6.637510,47.222549,12.097577,7.557470,49.122330
5.226724,11.194736,6.293982,6.721419,47.928600,12.325461,7.478860,48.991982
5.289809,11.206146,6.297873,6.650867,47.988415,12.371588,7.416641,48.682644
5.369838,11.077619,6.285865,6.540064,47.813725,12.473168,7.421277,48.446625
5.410096,10.965841,6.268641,6.465120,47.722221,12.528862,7.402506,48.127632
5.427411,10.921690,6.295938,6.432081,47.596745,12.557836,7.386070,47.934193
5.463807,10.792072,6.277323,6.229798,47.179909,12.630497,7.380570,47.499382
5.529182,10.675298,6.156250,5.926393,46.291134,12.584643,7.404059,46.919178
5.559246,10.633581,6.081875,5.767373,45.902679,12.569895,7.417825,46.671558
5.593191,10.687410,6.015305,5.621068,45.510162,12.553302,7.449334,46.513672
5.678061,10.818343,5.679926,5.241372,44.715832,12.547531,7.490622,46.202164
5.701115,10.850243,5.563303,5.129824,44.554783,12.609589,7.515075,46.114666
5.798188,10.742029,5.115415,4.693687,43.950916,12.705880,7.614823,44.922588
5.818300,10.724514,5.082032,4.627186,43.840054,12.668533,7.600110,44.698292
5.822228,10.692688,5.029246,4.468856,43.524090,12.593349,7.593925,44.513840
5.820442,10.674939,4.962505,4.290504,43.115738,12.467114,7.586841,44.304459
5.772787,10.693195,4.844606,3.975442,41.977875,12.235222,7.572766,43.828735
5.746479,10.692575,4.744807,3.661579,40.400410,12.037847,7.526555,43.419884
5.704241,10.646080,4.620702,3.385982,38.927387,11.954367,7.460890,42.961906
5.680195,10.610040,4.565988,3.264481,38.250668,11.906837,7.426811,42.780407
5.646375,10.542228,4.515649,3.149323,37.546623,11.809817,7.394048,42.615108
5.520123,10.102393,4.367547,2.852112,35.158112,11.371348,7.289354,42.066490
5.458280,9.875854,4.287496,2.693010,33.299263,11.165427,7.219197,41.707668
5.422262,9.792312,4.252203,2.615704,32.334335,11.002075,7.188268,41.444363
5.302776,9.612702,4.012928,2.418934,29.900387,10.617831,6.972528,40.276409
5.195536,9.511286,3.811444,2.264022,27.438675,10.313847,6.805301,39.423313
5.109179,9.391713,3.702540,2.179780,25.705473,10.130329,6.694436,38.930260
5.045400,9.268676,3.609242,2.096660,24.142279,9.928921,6.620827,38.596985
5.060188,9.110673,3.547692,2.016319,22.866556,9.756987,6.595475,38.559784
5.084671,9.047450,3.522342,1.960881,22.177263,9.664643,6.601612,38.661179
5.101475,9.036501,3.499018,1.905323,21.543083,9.580362,6.617290,38.733643
5.158245,9.026764,3.234959,1.667967,19.321119,9.270548,6.601067,38.797436
5.169309,9.001765,3.171876,1.592061,18.707792,9.189780,6.589879,38.646591
5.200526,8.948483,3.005659,1.437495,17.541162,9.033089,6.535487,38.353722
5.233143,8.925257,2.909734,1.359540,17.038277,8.947922,6.528768,38.309265
5.243968,8.889692,2.821478,1.287819,16.535780,8.822269,6.533835,38.205708
5.235204,8.835648,2.683948,1.161120,15.662340,8.629311,6.559570,38.035194
5.231295,8.814210,2.581293,1.053873,14.860334,8.435861,6.545578,37.878963
5.237733,8.764610,2.534528,1.004616,14.476736,8.348186,6.516799,37.747330
5.256010,8.688157,2.451918,0.917602,13.749533,8.186868,6.463648,37.500931
5.352241,9.156842,2.096640,0.781598,12.691006,7.861258,6.371899,37.743938
5.331846,9.465158,1.933383,0.728822,12.376201,7.702188,6.282093,37.753876
5.314396,9.625633,1.861409,0.705554,12.311817,7.675407,6.250569,37.770927
5.295236,9.768016,1.730696,0.664452,12.168011,7.610057,6.140120,37.532963
5.281414,9.921247,1.620051,0.629660,12.047316,7.617920,6.090750,37.088100
5.277136,9.979287,1.571271,0.614321,11.947246,7.561269,6.047753,36.800663
5.260930,10.032687,1.526391,0.600209,11.843648,7.504553,6.015562,36.534634
5.262418,10.104453,1.485100,0.587225,11.748332,7.452372,5.987425,36.263870
5.257738,10.303964,1.370598,0.552919,12.095243,7.354371,6.002731,35.918179
5.202192,10.429658,1.228660,0.532836,12.731373,7.306848,6.041726,35.786900
5.129448,10.526744,1.129990,0.496197,13.289900,7.264182,6.027801,35.594055
5.096628,10.517978,1.086491,0.480044,13.535391,7.256814,6.015217,35.523388
5.027054,10.560373,1.009647,0.460646,13.969056,7.215417,6.027252,35.213257
4.964573,10.674708,0.915923,0.501450,14.736515,6.998906,6.086359,34.722271
4.947714,10.721252,0.889539,0.535231,15.183548,6.988788,6.116957,34.570305
4.927917,10.810701,0.842930,0.619429,16.411673,7.095769,6.165804,34.261234
4.883609,10.878943,0.803478,0.710847,17.892015,7.286293,6.250306,34.064194
4.860566,10.926564,0.770081,0.851422,19.604994,7.546392,6.352259,34.026161
4.921271,10.927825,0.729349,1.067824,22.638613,8.236921,6.463661,34.552746
4.955749,10.915802,0.717883,1.128743,23.635988,8.545163,6.478864,34.841171
5.070758,10.925937,0.696368,1.421936,26.864229,9.397149,6.536903,35.927296
5.165798,11.046655,0.714359,1.598405,28.984158,9.945919,6.630007,36.626545
5.207454,11.107780,0.722291,1.674194,30.147820,10.264980,6.681194,36.977028
5.180755,11.215900,0.723386,1.829510,32.272758,10.868834,6.794721,37.518417
5.154990,11.246254,0.724245,1.908132,33.352402,11.158301,6.849602,37.624355
5.123414,11.223583,0.725035,1.980468,34.493095,11.460357,6.886034,37.745731
4.927767,11.174918,0.728132,2.315532,39.624737,12.703376,7.135790,38.506939
4.897504,11.212372,0.728611,2.394798,40.645527,12.910275,7.228275,38.754169
4.860191,11.235245,0.729051,2.463382,41.665588,13.130033,7.323786,39.029892
4.775463,11.338201,0.729830,2.584537,43.878170,13.548230,7.467922,39.444057
4.761015,11.451975,0.712113,2.687092,46.151611,13.990006,7.673337,40.108727
4.760162,11.456799,0.695497,2.738330,47.301571,14.209363,7.750619,40.490288
4.766726,11.462252,0.666144,2.828845,49.731041,14.614229,7.963273,41.215786
4.749337,11.463187,0.653204,2.868749,50.903084,14.793047,8.081923,41.613991
4.782786,11.333911,0.630344,2.939242,52.845493,15.123744,8.404626,42.386909
4.850298,11.145885,0.602462,3.025219,55.360039,15.593105,8.839265,43.030132
4.896920,11.081656,0.587392,3.071691,57.182888,15.990467,9.091540,43.253212
4.960719,10.954099,0.574635,3.111028,58.715351,16.251169,9.279834,43.496513
5.036753,10.847603,0.563837,3.144327,60.489651,16.457581,9.421663,43.962685
5.078773,10.800385,0.559076,3.159007,61.350876,16.593546,9.482556,44.208851
5.200940,10.706154,0.548443,3.275519,64.367729,16.970539,9.772183,45.308632
5.288968,10.626182,0.597458,3.370307,66.356194,17.175348,9.950201,46.187832
5.328568,10.560210,0.629706,3.412097,67.134293,17.270634,10.034636,46.434700
5.414793,10.454854,0.686674,3.494945,68.780609,17.458609,10.190854,47.070705
5.515157,10.356920,0.701080,3.576849,70.664803,17.665169,10.373610,47.745392
5.678495,10.405890,0.718650,3.672207,73.185272,17.963423,10.650134,48.471718
5.728486,10.446149,0.723596,3.696696,73.886162,18.042622,10.723866,48.733906
5.823290,10.640647,0.732334,3.708879,75.494957,18.222128,10.863066,49.279499
5.917079,10.787083,0.736186,3.710492,76.090263,18.269377,10.912519,49.542194
6.003369,10.924320,0.780354,3.711976,76.499062,18.256102,10.956726,49.762661
6.130804,11.138435,0.900548,3.691484,76.972839,18.145134,10.996635,49.920658
6.176693,11.221334,0.953538,3.692792,77.144264,18.070253,10.998913,49.868645
6.219577,11.299474,1.002290,3.678743,77.264038,17.981668,10.999051,49.851330
6.312364,11.438622,1.088413,3.577780,77.207298,17.676308,11.000361,49.769516
6.343092,11.629122,1.190294,3.519065,77.185982,17.169649,11.034344,49.439098
6.303071,11.829453,1.485220,3.397232,76.393959,16.174433,11.068050,48.386269
6.295299,11.876714,1.560573,3.337326,76.023483,15.859591,11.069085,48.034496
6.272596,11.907402,1.619372,3.282209,75.609207,15.539702,11.046384,47.747795
6.263995,11.877286,1.723244,3.184845,74.487831,14.879299,11.004314,47.108025
6.279714,11.851649,1.806661,3.087497,73.352577,14.176942,10.971139,46.296402
6.279742,11.840348,1.841275,3.034007,72.720337,13.859867,10.941420,45.945763
6.279769,11.829950,1.878356,2.984795,71.991272,13.541668,10.925334,45.609634
6.291272,11.899858,2.007712,2.910264,70.686798,12.972152,10.887953,45.050259
6.345011,11.884218,2.292173,2.792484,68.879280,12.399633,10.823876,44.146156
6.377727,11.807432,2.458791,2.687214,67.254044,11.998441,10.712827,43.456009
6.395344,11.766992,2.545834,2.638921,66.365379,11.823497,10.667431,43.165886
6.387263,11.713607,2.710001,2.553610,64.417389,11.437160,10.503139,42.585739
6.366421,11.698722,2.782377,2.515999,63.497124,11.244716,10.404460,42.367836
6.329072,11.685027,2.848965,2.475370,62.514397,11.059098,10.305407,42.127182
6.282715,11.672427,2.910230,2.437990,61.507969,10.891731,10.219266,41.930027
6.200823,11.660751,3.018456,2.371956,59.431026,10.578815,9.985712,41.658100
6.063159,11.671671,3.131271,2.347813,57.750172,10.416691,9.674041,41.423744
5.863382,11.633235,3.449090,2.417076,55.963806,10.281019,9.288524,41.150017
5.798812,11.568424,3.544632,2.460369,55.274372,10.237739,9.174376,41.081406
5.631255,11.383533,3.787815,2.570562,53.357262,10.152496,8.847714,40.803780
5.574634,11.342022,3.856273,2.604667,52.721405,10.161435,8.733691,40.613632
5.511690,11.293231,3.919258,2.636046,52.190590,10.128411,8.633966,40.426559
5.419729,11.138112,4.058075,2.691477,50.994537,9.999211,8.437739,40.182209
5.309743,11.004453,4.199449,2.698842,49.426964,9.871544,8.181417,39.881474
5.271911,10.956480,4.245057,2.717103,48.737286,9.810534,8.063934,39.725803
5.101906,10.855401,4.411252,3.322733,45.703403,10.121448,7.635907,38.916248
5.081631,10.866094,4.439769,3.461600,45.221333,10.262986,7.572232,38.871094
5.012938,10.764298,4.490145,3.707157,44.369747,10.479594,7.463369,38.867382
4.912519,10.534580,4.532787,3.911538,43.563957,10.661736,7.330901,38.844994
4.870775,10.404568,4.551586,3.999975,43.085590,10.745543,7.280092,38.908207
4.759819,9.984572,4.558812,4.168903,41.332333,10.868835,7.280505,39.297951
4.715126,9.749013,4.486362,4.339645,40.538654,10.944897,7.342734,39.887005
4.723155,9.679121,4.458650,4.449416,40.232300,11.001353,7.387000,40.149971
4.736776,9.565722,4.486783,4.728820,39.372253,11.094801,7.512510,40.911156
4.750847,9.408587,4.462676,5.008544,39.317287,11.316747,7.534935,42.228634
4.772771,9.404092,4.408708,5.155550,39.995144,11.745770,7.571053,42.868683
4.809894,9.371009,4.363024,5.283237,40.916866,12.144241,7.613695,43.400429
4.819901,9.346974,4.342884,5.340810,41.323219,12.319758,7.629029,43.640938
4.833570,9.304662,4.307306,5.445002,41.911209,12.604955,7.609613,43.970337
4.835530,9.296111,4.320330,5.512296,42.045612,12.701599,7.581641,44.102772
4.837334,9.289436,4.364106,5.580158,42.169262,12.792174,7.561520,44.285545
4.882586,9.233439,4.431389,5.700037,42.387699,12.935490,7.517031,44.936317
4.909177,9.138988,4.377175,5.777694,42.393417,12.977787,7.472215,45.499889
4.928535,9.130381,4.331377,5.807709,42.270695,12.962701,7.437496,45.738297
5.043055,9.387057,4.261417,5.895360,41.966099,12.966309,7.312780,46.616062
5.066273,9.437825,4.258063,5.915939,41.871857,12.985221,7.328573,46.758675
5.127724,9.570548,4.314749,5.978077,42.034672,13.059363,7.387046,46.733555
5.262057,9.799567,4.417210,6.062639,42.372467,13.096407,7.477392,47.175224
5.323426,9.879622,4.451364,6.087843,42.554619,13.109725,7.545003,47.415417
5.433345,9.958755,4.510472,6.100612,42.805893,13.020733,7.688672,47.478767
5.507915,9.852411,4.490669,6.060653,42.747227,12.881113,7.801630,47.523914
5.547235,9.793850,4.493229,6.017478,42.573479,12.777355,7.847596,47.617691
5.694180,9.648379,4.617362,5.850147,41.965343,12.323463,8.057976,48.155228
5.724449,9.623438,4.642451,5.813243,41.709717,12.217565,8.123878,48.274586
5.779076,9.633813,4.665533,5.779291,41.270786,12.098490,8.215215,48.509129
5.883794,9.664818,4.671379,5.746864,41.141617,11.932612,8.536838,48.696556
5.919403,9.666710,4.664594,5.705703,41.139194,11.891835,8.656069,48.613152
5.946343,9.672088,4.636606,5.620384,40.744202,11.744035,8.858245,48.488152
5.992332,9.782042,4.581179,5.143921,39.608704,11.377401,9.052560,48.565556
6.003406,9.812044,4.567908,4.967983,39.213646,11.197660,9.098384,48.552444
6.025896,9.844199,4.637546,4.657056,38.333698,10.815934,9.146136,48.661026
6.073670,10.022135,4.899419,4.286525,37.218842,10.344598,9.134119,48.737949
6.072195,10.403770,5.190479,3.920852,36.195084,9.851269,8.994257,48.123798
6.057407,10.547068,5.244344,3.841613,35.925278,9.744783,8.931690,47.901588
6.026480,10.678908,5.293902,3.675136,35.479767,9.646811,8.874126,47.609852
5.933259,10.818715,5.349413,3.401403,34.663074,9.520169,8.747476,47.120193
5.833973,10.951824,5.355077,3.169694,33.615376,9.467380,8.632065,46.353863
5.794300,10.999713,5.348315,3.057076,32.883839,9.433124,8.590355,45.819355
5.695853,11.159923,5.336370,2.851188,31.099869,9.259135,8.566096,44.552494
5.600322,11.272683,5.291563,2.667506,29.020569,8.842834,8.550137,43.479656
5.488187,11.363220,5.253635,2.503545,27.019972,8.481901,8.555668,42.641796
5.335598,11.516556,5.220810,2.298187,24.795090,8.146054,8.720602,42.501019
5.289228,11.557784,5.185407,2.216165,24.168768,8.054103,8.781445,42.488079
5.246566,11.594523,5.138999,2.152017,23.592524,7.972603,8.848029,42.415245
5.127554,11.713838,5.063107,2.040690,22.574574,7.832127,8.951767,41.966068
5.070000,11.784810,5.023694,1.992565,22.123594,7.803243,9.003532,41.739460
4.963772,11.918985,4.954070,1.919234,21.362354,7.752964,9.113358,41.367996
4.874159,12.001101,4.878870,1.857162,20.733694,7.686948,9.247903,41.483219
4.820841,12.034076,4.824786,1.829796,20.458332,7.647055,9.329577,41.507248
4.726655,12.091687,4.685483,1.776140,19.971899,7.539052,9.381871,41.550755
4.596310,12.011894,4.425370,1.666639,18.777000,7.343537,9.443181,41.490864
4.443314,12.007257,4.193364,1.584763,17.731638,7.198955,9.498835,40.683044
4.338437,12.000589,4.133224,1.559891,17.067289,7.121125,9.468591,40.169460
4.238102,12.006215,4.091132,1.538838,16.496939,7.052937,9.462138,39.965988
4.198946,12.083447,4.051775,1.560527,16.439335,7.011658,9.465775,39.855911
4.131148,12.201341,3.919545,1.610069,16.425724,6.958133,9.458879,39.695393
4.090715,12.264022,3.861250,1.637291,16.419722,6.913669,9.442122,39.567989
4.040410,12.311444,3.758269,1.685378,16.432749,6.908887,9.444589,39.287838
3.958329,12.287310,3.671098,1.723707,16.263996,6.887514,9.388539,39.150921
3.882752,12.218633,3.567832,1.698978,15.439561,6.690986,9.182178,38.970791
3.860917,12.181213,3.538761,1.692017,15.207475,6.632929,9.102672,38.885029
3.834611,12.116838,3.487408,1.679719,14.796227,6.543455,8.930573,38.512283
3.789507,12.104862,3.464768,1.674298,14.686516,6.510352,8.825175,38.309788
3.748888,12.155819,3.408741,1.664720,14.294739,6.444436,8.653296,38.231899
3.742052,12.230908,3.354142,1.660498,14.245064,6.407021,8.583105,38.115463
3.756733,12.517035,3.050094,1.664756,14.974548,6.321643,8.458116,37.920895
3.790940,12.579344,2.845248,1.666892,15.677410,6.275751,8.423985,37.858570
3.790310,12.532392,2.754939,1.667590,15.968265,6.302543,8.419093,37.771160
3.823694,11.985438,2.481144,1.665079,17.641912,6.469857,8.638481,37.756866
3.846351,11.964239,2.460214,1.656577,18.302080,6.470105,8.719928,37.848476
3.950888,11.964781,2.433253,1.847240,20.311842,6.499645,9.060512,38.080814
4.005395,11.908919,2.410934,1.919346,21.889561,6.679276,9.271110,38.380764
4.034405,11.853497,2.401094,1.952780,22.658535,6.787654,9.354775,38.569824
4.099457,11.828354,2.392041,1.998724,23.537443,6.888601,9.456053,38.840889
4.311530,11.762760,2.368998,2.114043,25.999727,7.134863,9.746780,39.806114
4.378475,11.738609,2.355954,2.158116,26.781511,7.193660,9.796929,39.939877
4.538661,11.700810,2.331290,2.314305,28.519831,7.332178,9.878181,40.225716
4.749147,11.745016,2.275178,2.637453,31.594086,7.754620,10.166265,40.859329
4.862918,11.789099,2.242986,2.820126,33.713524,8.026093,10.571357,41.614017
4.973609,11.790673,2.234880,2.994475,36.016434,8.273084,11.245625,41.946033
5.020736,11.768038,2.231306,3.095617,37.060452,8.411786,11.564977,41.929890
5.077622,11.747212,2.235897,3.249550,38.171730,8.620585,11.870347,42.098881
5.269835,11.846070,2.313365,3.935163,41.822300,9.535056,12.825089,42.780949
5.389278,12.050814,2.495184,4.439997,44.418118,10.176957,13.413048,43.240471
5.445756,12.165234,2.600864,4.678786,45.651066,10.462187,13.685125,43.463383
5.997627,13.031448,2.835961,5.569100,51.036560,11.956209,14.986756,44.935715
6.117817,13.176401,2.835195,5.708054,52.019806,12.295871,15.247314,45.195534
6.358192,13.378175,2.836925,5.946609,53.355270,12.974677,15.782315,45.673443
6.476902,13.449503,2.837687,6.064301,53.933517,13.272743,16.041914,45.824894
6.586121,13.515130,2.838389,6.172582,54.465538,13.595839,16.311235,46.001976
6.845974,13.710098,2.840174,6.460551,56.781055,14.321414,16.919922,46.415085
6.916703,13.767316,2.840676,6.574388,57.605125,14.548538,17.087795,46.399326
6.970829,13.791053,2.840035,6.702466,58.397854,14.785161,17.239252,46.399452
7.102947,13.902514,2.889263,7.028595,60.906040,15.573134,17.645369,46.817505
7.170234,14.027795,3.003122,7.261885,62.906734,16.013172,17.863197,47.276329
7.239301,14.097710,3.283845,7.551892,65.805122,16.668928,18.125185,47.855507
7.236493,14.071660,3.365041,7.636161,66.559380,16.923170,18.182972,48.000622
7.241071,13.918851,3.498318,7.802561,67.561134,17.417465,18.296282,48.162964
7.238805,13.859864,3.557076,7.915495,67.909531,17.674389,18.408958,48.218792
7.252230,13.805595,3.611136,8.019400,68.230064,17.910852,18.534893,48.288002
7.290539,13.705582,3.720576,8.327888,68.459785,18.275835,18.707197,48.795918
7.302845,13.660235,3.775505,8.478183,68.721550,18.432467,18.763025,49.060024
7.308756,13.615505,3.814219,8.616459,68.962402,18.574112,18.802612,49.290184
7.333480,13.345702,3.986304,9.144070,69.473267,18.988358,18.863552,49.952049
7.317072,13.262577,4.047279,9.196581,69.396355,19.054974,18.825294,50.110054
7.289458,13.087494,4.162406,9.289345,69.169563,19.173359,18.680443,50.346653
7.278552,12.909041,4.294037,9.364434,68.542603,19.107000,18.521463,50.670937
7.279232,12.822327,4.352069,9.395893,68.192787,19.044941,18.458206,50.789776
7.195179,12.651701,4.454584,9.422314,67.159042,18.924217,18.278811,50.694660
7.154950,12.597924,4.541360,9.470377,66.248535,18.810444,18.115902,50.467545
7.124634,12.579150,4.579617,9.479681,65.803528,18.762291,18.021168,50.399860
7.042818,12.516492,4.649585,9.417786,64.669647,18.646227,17.850433,50.269699
6.987659,12.372456,4.690366,9.241343,63.286320,18.425814,17.616060,50.179108
6.968328,12.360055,4.759506,9.164452,62.532906,18.301001,17.490694,49.929729
6.963462,12.270914,4.881644,9.016578,60.977646,18.111242,17.040380,49.398056
6.932280,12.159535,4.965889,8.866088,59.084278,17.955273,16.319733,49.040600
6.911078,12.126710,5.086969,8.664865,57.196266,17.688414,15.578712,48.663967
6.892909,12.129460,5.136574,8.503836,56.144901,17.467682,15.208621,48.395790
6.871924,12.061026,5.171224,8.264829,55.034180,17.230000,14.838804,48.179729
6.850846,12.022288,5.158420,8.044932,53.914619,16.899588,14.475199,47.902435
6.762938,11.742067,4.986898,7.352203,50.416439,16.053671,13.492023,47.333080
6.567737,11.299637,4.887488,6.802717,47.706608,15.399091,12.640094,47.103363
6.499863,11.160861,4.858941,6.660028,46.987061,15.089239,12.321683,47.103474
6.440567,11.041637,4.863799,6.528748,46.326454,14.775454,12.012603,47.111282
6.312211,10.803442,4.998186,6.298177,45.228619,14.215611,11.403422,46.769482
6.126989,10.512392,5.142920,6.013702,44.507053,13.720079,10.784900,46.561565
6.059956,10.383874,5.206728,5.888287,44.305248,13.513147,10.488126,46.545830
5.916040,10.204411,5.344801,5.675561,43.537838,13.134083,10.000051,46.530006
5.876793,10.219280,5.434025,5.569419,43.172947,12.986969,9.783579,46.542015
5.840684,10.232961,5.516115,5.453345,42.778805,12.845560,9.589540,46.550812
5.821221,10.248887,5.591642,5.323207,42.392918,12.695849,9.408281,46.568989
5.807115,10.225114,5.785050,5.053967,41.516552,12.094963,8.879045,46.356804
5.725652,10.228567,5.709396,4.859046,40.771042,11.768973,8.636454,45.701668
5.674379,10.247437,5.668760,4.762758,40.514854,11.574301,8.505119,45.191521
5.660820,10.251219,5.650845,4.720308,40.364906,11.485937,8.446854,44.978676
5.592642,10.271497,5.619197,4.560854,40.208431,11.401175,8.225165,44.493336
5.502411,10.336291,5.605616,4.351387,40.637909,11.368430,7.981910,43.955078
5.449908,10.383200,5.592015,4.204644,40.982121,11.365575,7.869925,43.602005
5.389587,10.558526,5.614489,3.945419,41.404900,11.311016,7.685834,43.263458
5.384389,10.728405,5.697416,3.698310,42.182396,11.266657,7.523059,43.363747
5.381358,10.876549,5.623955,3.463674,42.687408,11.268823,7.379714,43.561344
5.451583,11.084112,5.476242,3.103695,43.359982,11.424994,7.317793,44.079365
5.482656,11.153482,5.415677,3.002358,43.760292,11.537727,7.364641,44.188442
5.559324,11.289433,5.261522,2.744421,45.146358,11.863113,7.455844,44.710186
5.582560,11.283878,5.178199,2.592450,46.125553,12.131797,7.491529,45.017120
5.586645,11.254572,5.141465,2.517842,46.572327,12.279844,7.498446,45.033470
5.607916,11.261609,5.129800,2.386046,47.380394,12.551885,7.507946,45.228428
5.637573,11.301598,5.242632,2.310742,48.051430,12.796041,7.510069,45.609089
5.675438,11.367067,5.292375,2.302625,48.249504,12.894512,7.488726,45.784554
5.746800,11.398450,5.273247,2.306299,49.190033,13.044495,7.422391,46.733978
5.755012,11.375272,5.269382,2.307041,49.422726,13.046827,7.446127,46.969387
5.762780,11.335187,5.235800,2.290196,49.835030,13.086684,7.477798,47.182266
5.731578,11.148255,5.156928,2.354824,51.682732,13.416215,7.604749,47.649014
5.746453,11.125004,5.134724,2.375756,52.358086,13.587092,7.651088,47.858711
5.771005,11.083124,5.095502,2.424310,53.573849,13.883688,7.708673,48.178352
5.792127,10.976993,5.032374,2.465410,54.529484,14.139590,7.769168,48.428268
5.791203,10.931456,4.990204,2.483530,54.890591,14.233921,7.780223,48.413445
5.741981,10.820017,4.924626,2.490514,55.055618,14.408423,7.792467,48.415237
5.695161,10.792979,4.556159,2.491453,54.959587,14.581166,7.816352,48.354668
5.700979,10.894090,4.404137,2.496293,54.542622,14.586663,7.860240,48.098297
5.714330,10.936635,4.340264,2.499892,54.018627,14.611870,7.892307,47.808319
5.691064,10.932488,4.285866,2.501478,53.629650,14.588892,7.912201,47.646320
5.636425,10.930393,4.217421,2.494280,52.890587,14.598474,7.929781,47.525482
5.619951,10.928251,4.170978,2.445529,52.344143,14.628598,7.941152,47.460270
5.560485,10.895947,4.176722,2.485373,51.122086,14.613628,7.943057,47.302505
5.489490,10.812808,4.181583,2.507827,50.022099,14.502374,7.907642,46.987396
5.410700,10.565853,4.267805,2.526224,48.200867,14.433876,7.884560,46.438129
5.399542,10.489633,4.348951,2.526756,46.713356,14.205206,7.878499,46.171349
5.387858,10.448401,4.384725,2.527763,46.054665,14.076653,7.893744,46.116573
5.374835,10.395858,4.417639,2.528690,45.324310,13.939628,7.906106,46.083546
5.368136,10.347515,4.449771,2.531899,44.550835,13.800388,7.917270,46.080185
5.376462,10.127685,4.509085,2.549288,42.523418,13.450618,7.949459,46.248272
5.376435,10.037756,4.510317,2.572464,41.813648,13.362253,7.921749,46.091530
5.388637,9.943383,4.478169,2.593787,41.003838,13.298589,7.914347,45.911385
5.373687,9.762596,4.396342,2.648061,38.509567,13.036534,7.871769,44.905449
5.360909,9.985914,4.429359,2.690330,36.218094,12.606390,7.727576,43.980034
5.360566,10.132136,4.481348,2.713177,34.427490,12.227977,7.518826,43.403103
5.365260,10.200389,4.504268,2.723249,33.560658,12.052410,7.435384,43.138195
5.349376,10.330087,4.560663,2.741042,31.967236,11.765723,7.267808,42.899860
5.335598,10.393442,4.585525,2.748886,31.114178,11.596023,7.195642,42.869404
5.297423,10.529175,4.629445,2.768022,29.603935,11.253119,7.107919,42.744839
5.268646,10.639019,4.523635,2.801708,28.957090,11.007390,7.025524,42.320309
5.238720,10.693808,4.457443,2.808109,28.895872,10.938053,6.978004,42.085537
5.175725,10.776141,4.340512,2.784034,28.704676,10.802091,6.911855,41.676285
5.138946,10.906656,4.252371,2.783824,28.576342,10.742712,6.901318,40.619953
5.137280,10.941262,4.231073,2.783765,28.550268,10.745786,6.864707,40.269039
5.131447,10.973102,4.211478,2.783710,28.328060,10.717434,6.821190,39.933571
5.134716,11.077867,4.155000,2.676065,27.308968,10.502852,6.671641,39.072350
5.152527,11.047403,4.139101,2.643023,26.823936,10.349069,6.607150,38.735836
5.175645,11.032837,4.124473,2.606594,26.375563,10.210306,6.553735,38.401352
5.218571,10.996928,4.098633,2.542242,25.583502,9.951290,6.487299,37.635593
5.239493,10.977187,4.087240,2.513871,25.223110,9.820673,6.471182,37.180042
5.292477,11.035225,4.067115,2.454366,24.635151,9.601088,6.453757,36.689720
5.366611,11.245198,4.050459,2.401118,24.379852,9.379945,6.422535,36.089397
5.365129,11.249828,4.051419,2.376814,24.329334,9.434471,6.380809,35.800098
5.358907,11.226249,4.051842,2.366100,24.329489,9.442178,6.348040,35.657768
5.359529,11.210826,4.009980,2.352175,24.329626,9.438165,6.304616,35.535221
5.406337,11.154397,3.827408,2.316732,24.314766,9.359913,6.163243,35.496529
5.440271,11.118611,3.698484,2.299734,24.274227,9.264819,6.120645,35.697659
5.441694,11.113937,3.641647,2.292240,24.314068,9.211044,6.126750,35.775066
5.467792,11.098994,3.370489,2.074018,24.413063,9.092100,6.143811,35.949131
5.483301,11.120265,3.223926,1.956949,24.653469,8.976948,6.115154,36.046875
5.495834,11.123874,3.121795,1.905761,24.863695,8.906496,6.098870,36.147785
5.470285,11.271549,2.680975,1.737397,26.321644,8.679694,6.050338,36.506680
5.467904,11.334369,2.591882,1.703036,26.787998,8.609130,6.053699,36.558064
5.464844,11.479675,2.419273,1.632117,27.443886,8.540327,6.044294,36.468487
5.461684,11.658493,2.262421,1.582714,28.121862,8.591686,6.111317,36.398499
5.475217,11.735805,2.193270,1.570594,28.621565,8.630705,6.224118,36.427322
5.463387,11.806935,2.129648,1.574754,29.253555,8.785309,6.309808,36.431305
5.384245,11.968596,1.967711,1.771788,31.391012,9.236151,6.603830,36.651745
5.327033,11.855036,1.922124,1.827255,32.208912,9.446383,6.695234,36.743793
5.274395,11.755374,1.829795,1.910397,33.120773,9.657584,6.808672,36.774918
5.052471,11.331159,1.451095,2.389274,37.738392,10.665060,7.365986,36.669579
5.056755,11.333291,1.385779,2.508087,38.512123,10.823139,7.490394,36.505230
5.084202,11.291957,1.270395,2.729404,39.850452,11.141071,7.689459,36.167320
5.119786,11.228262,1.181304,3.042384,41.562733,11.883196,7.985948,35.744553
5.116060,11.250562,1.156224,3.115903,42.056225,12.120091,8.098245,35.712864
5.099294,11.271688,1.111920,3.245777,43.193577,12.640205,8.362904,35.829205
5.099505,11.344704,1.074686,3.286235,43.913357,12.934617,8.509162,36.054367
5.067956,11.576165,1.003407,3.357705,45.384136,13.405987,8.741379,36.854080
5.009151,11.870139,0.909175,3.444874,47.586121,13.957515,9.059612,37.913120
4.941278,12.173717,0.835787,3.537575,49.778393,14.356486,9.380897,38.936356
4.878039,12.369587,0.827901,3.658431,51.032860,14.651370,9.577011,39.549015
4.868802,12.473321,0.824425,3.711711,51.768032,14.813088,9.646573,39.890175
4.864162,12.570987,0.821226,3.760733,52.444420,15.012340,9.686407,40.256779
4.900251,12.640551,0.817606,3.972942,54.346935,15.688705,9.975059,41.076157
4.935485,12.631964,0.791250,4.070384,54.881210,15.940387,10.097769,41.347134
5.068966,12.690780,0.746066,4.370730,56.139942,16.278847,10.345261,42.054379
5.181790,12.767644,0.709083,4.647916,57.115604,16.582991,10.639661,42.649944
5.232604,12.793357,0.692779,4.787372,57.584404,16.812174,10.800392,42.937157
5.300178,12.848265,0.651279,5.144979,59.584633,17.389824,11.198127,43.378464
5.313509,12.845891,0.639596,5.244964,60.358150,17.589941,11.314451,43.439362
5.399889,12.854397,0.618959,5.421589,61.804176,17.964970,11.548923,43.465580
5.521726,12.948661,0.601489,5.571100,62.959255,18.258139,11.733168,43.770435
5.580137,13.034839,0.593788,5.637014,63.271164,18.404453,11.840976,43.930378
5.694254,13.186371,0.580183,5.752570,64.121841,18.709335,12.070496,44.278229
5.821443,13.277270,0.568666,5.875765,64.806831,19.082550,12.499061,44.755070
5.890059,13.261846,0.563589,5.942627,65.254555,19.331438,12.750357,45.097176
6.015975,13.237321,0.554620,6.159439,65.780182,19.985950,13.207430,45.590969
6.143756,13.167895,0.536445,6.723316,67.055367,21.187321,13.812852,46.522785
6.155651,13.045749,0.527488,6.942918,67.586800,21.639757,13.858082,46.832077
6.220848,13.005267,0.519905,7.006534,67.544899,21.773911,13.908160,46.964706
6.264051,12.999902,0.516562,7.002285,67.324486,21.814514,13.906566,47.205769
6.350137,13.067230,0.510657,6.994783,67.197754,21.791368,13.884875,47.539394
6.398437,13.105679,0.508053,6.967532,67.148582,21.721279,13.845970,47.708210
6.500657,13.186375,0.503454,6.919393,67.079597,21.582552,13.735335,48.040646
6.554936,13.241229,0.501426,6.867576,66.897392,21.539705,13.681906,48.214146
6.565450,13.326851,0.496266,6.622899,66.402390,21.409725,13.515175,48.852932
6.560993,13.385344,0.494813,6.544775,66.263039,21.370363,13.507050,49.050430
6.505591,13.569941,0.455277,6.283720,65.216492,20.946903,13.443142,49.771000
6.491310,13.628063,0.438436,6.190038,64.610107,20.767168,13.409537,50.082588
6.478170,13.627565,0.422942,6.103847,63.895561,20.544054,13.377914,50.310165
6.443817,13.639331,0.402201,5.955416,62.491604,20.046940,13.265869,50.469578
6.390137,13.513558,0.390746,5.829771,61.139259,19.576864,13.086740,50.334576
6.333990,13.330840,0.381049,5.723415,60.120930,19.275791,12.962846,50.185200
6.288119,13.285370,0.373975,5.633387,59.279240,19.097198,12.810759,49.924000
6.190828,13.203320,0.613620,5.517919,58.469402,19.190771,12.686517,49.639511
6.178101,13.138734,0.704094,5.497527,58.491360,19.291466,12.645531,49.605675
6.140723,13.098939,0.787905,5.492851,58.603317,19.359692,12.605153,49.603947
6.052805,13.014392,0.959756,5.553776,58.785282,19.502586,12.562889,49.629486
5.990062,13.074147,1.117579,5.662153,59.141136,19.634823,12.470943,49.592251
5.986150,13.160664,1.227316,5.718753,59.212879,19.758951,12.393629,49.560509
5.841933,13.336763,1.505261,5.643918,59.219540,20.025417,12.188921,49.629120
5.824051,13.351303,1.582627,5.590780,59.173473,20.090031,12.158872,49.658257
5.822979,13.369800,1.653807,5.541892,59.131088,20.106491,12.176531,49.828175
5.983616,13.589454,1.934083,5.338718,58.829720,20.078119,12.310449,50.700897
6.058384,13.609326,1.996760,5.449888,58.849022,20.069279,12.313858,50.811909
6.192686,13.578270,2.156295,5.785858,59.435326,20.246328,12.322948,51.132236
6.261697,13.524243,2.255703,6.009361,60.184193,20.438858,12.304276,51.451759
6.288728,13.512220,2.353661,6.108730,60.537674,20.519041,12.285656,51.723999
6.319355,13.483390,2.443787,6.200156,60.713650,20.579359,12.237671,51.977829
6.343059,13.405583,2.687051,6.502133,61.366879,20.534039,11.825740,52.337154
6.358971,13.392891,2.757742,6.585997,61.635159,20.482742,11.681101,52.396030
6.395699,13.268585,2.882618,6.598545,61.785385,20.290861,11.408796,52.474373
6.523973,13.175724,3.073542,6.500831,61.606419,19.936750,11.196253,53.006886
6.661361,13.218792,3.180419,6.424756,61.302727,19.749290,11.229494,53.421955
6.714828,13.176539,3.277185,6.360361,61.412704,19.571569,11.253670,53.559437
6.727645,13.133720,3.321241,6.331971,61.594765,19.496126,11.259027,53.411861
6.754093,13.003255,3.399067,6.284159,61.760342,19.368658,11.277067,53.005497
6.769490,12.848597,3.476432,6.230156,61.303455,19.256540,11.293428,52.554928
6.753271,12.687235,3.552487,6.222224,60.846390,19.115318,11.350030,52.231049
6.747160,12.604941,3.586017,6.235350,60.677422,19.049833,11.377307,52.089287
6.739158,12.318618,3.671363,6.321686,60.293465,18.950424,11.511049,51.552177
6.742814,12.222300,3.708724,6.349816,60.191444,18.937260,11.542397,51.279575
6.810613,12.010235,3.830589,6.441571,59.863968,18.862812,11.658798,50.045395
6.831384,12.009878,3.864655,6.458122,59.748940,18.851984,11.668725,49.778252
6.889496,11.961439,3.912103,6.506775,59.519276,18.804373,11.681524,49.269333
6.950050,11.939384,3.978554,6.559185,58.899895,18.680489,11.678698,48.544937
6.977347,11.929461,4.020446,6.595184,58.614044,18.652405,11.669312,48.216545
7.039021,11.865206,4.093315,6.658780,57.799629,18.599751,11.659606,47.924778
7.088157,11.850466,4.025692,6.712611,57.129784,18.442427,11.663890,47.715561
7.091455,11.906100,3.933918,6.753471,56.852921,18.335997,11.626519,47.589603
7.090129,11.957213,3.849483,6.754331,56.434994,18.200068,11.617798,47.450699
7.092642,12.149045,3.681112,6.648367,54.901215,17.764938,11.561552,46.652756
7.017451,12.137119,3.654179,6.468812,53.735455,17.344370,11.488435,46.115589
6.979233,12.071688,3.605979,6.393601,53.112366,17.074389,11.439101,45.898914
6.942046,11.987806,3.561634,6.303110,52.438431,16.782166,11.393713,45.853355
6.873109,11.835424,3.483295,6.142765,51.442017,16.342035,11.285129,45.378555
6.803814,11.768244,3.448758,6.071839,51.102478,16.170536,11.171959,45.195110
6.724679,11.717563,3.416983,6.006585,50.877941,16.018843,11.021972,44.900528
6.621228,11.643693,3.391952,5.958579,50.705608,15.859283,10.880245,44.617699
6.289469,11.334489,3.387239,5.881532,49.533119,15.409094,10.445760,44.110123
5.989122,11.181660,3.417048,5.413388,47.537163,14.935916,10.073160,44.018585
5.778186,11.126108,3.468889,5.251297,46.807949,14.705251,9.807405,43.868179
5.678360,11.106431,3.482010,5.213154,46.483643,14.563607,9.707304,43.642441
5.505640,11.138281,3.418654,5.187634,45.645733,14.325454,9.543654,43.126572
5.342270,11.223813,3.357803,5.103761,44.630150,14.107582,9.376187,42.480511
5.235538,11.333932,3.299650,4.972153,43.238201,13.828972,9.235290,42.215111
5.157465,11.485929,3.250425,4.857694,42.325607,13.517857,9.127497,42.178860
5.136900,11.645494,3.214765,4.807233,41.884663,13.377724,9.098998,42.062687
5.085665,11.767344,3.183841,4.760807,41.427082,13.231462,9.025852,41.793331
4.900550,12.007481,3.109686,4.667408,39.897610,12.727497,8.710316,40.936619
4.834579,12.143357,3.064206,4.643561,38.685154,12.459924,8.498789,40.663570
4.811285,12.215406,3.042761,4.644018,38.089977,12.378652,8.436054,40.595718
4.754647,12.336119,3.004878,4.642486,36.793736,12.220389,8.304473,40.453094
4.731606,12.374703,2.988176,4.640689,36.209583,12.138350,8.266910,40.433975
4.715150,12.419248,2.961324,4.639036,35.698166,12.074151,8.232574,40.389935
4.745903,12.738062,2.892975,4.569249,34.422318,12.075998,8.144506,40.629509
4.775138,12.823557,2.873734,4.522023,34.081543,12.089448,8.088852,40.689110
