44,71,24,12,0,53,71,55,1,0,0,0,0 
45,73,24,12,0,53,72,56,1,0,0,0,0 
47,73,25,12,0,53,73,57,1,0,0,0,0 
49,75,25,12,0,53,75,59,1,0,0,0,0 
51,75,25,12,0,53,76,61,1,0,0,0,0 
53,76,26,12,0,53,77,64,1,0,0,0,0 
54,76,25,12,0,54,78,66,1,0,0,0,0 
55,76,25,12,0,53,79,67,1,0,0,0,0 
56,77,24,11,0,55,80,69,1,0,0,0,0 
57,77,24,11,0,55,81,71,1,0,0,0,0 
58,77,24,10,0,56,81,73,1,0,0,0,0 
58,76,23,10,0,56,80,73,1,0,0,0,0 
58,75,23,9,0,57,79,74,1,0,0,0,0 
56,73,22,9,0,57,76,75,1,0,0,0,0 
54,73,22,9,0,58,75,77,1,0,0,0,0 
53,72,22,9,0,59,75,78,1,0,0,0,0 
52,71,22,9,0,59,74,79,1,0,0,0,0 
50,70,22,9,0,61,73,81,1,0,0,0,0 
49,69,22,9,0,61,72,81,1,0,0,0,0 
48,67,22,8,0,62,71,81,1,0,0,0,0 
46,66,22,8,0,63,72,80,1,0,0,0,0 
45,65,22,7,0,63,73,79,1,0,0,0,0 
44,64,23,7,0,63,74,77,1,0,0,0,0 
43,64,24,7,0,62,74,76,1,0,0,0,0 
42,65,25,7,0,62,75,75,1,0,0,0,0 
40,65,26,8,0,61,76,75,1,0,0,0,0 
38,66,27,8,0,60,76,74,1,0,0,0,0 
37,67,28,9,0,59,77,74,1,0,0,0,0 
35,68,28,9,0,58,79,75,1,0,0,0,0 
35,69,29,9,0,56,81,75,1,0,0,0,0 
34,69,31,10,0,53,82,75,1,0,0,0,0 
34,69,31,9,0,50,83,74,1,0,0,0,0 
34,69,31,9,0,49,85,73,1,0,0,0,0 
34,69,31,9,0,48,86,72,1,0,0,0,0 
34,69,31,10,0,47,87,72,1,0,0,0,0 
33,70,31,10,0,47,87,72,1,0,0,0,0 
32,72,31,10,0,46,87,72,1,0,0,0,0 
32,72,31,10,0,46,87,73,1,0,0,0,0 
32,71,31,10,0,47,87,74,1,0,0,0,0 
33,71,31,10,0,47,87,76,1,0,0,0,0 
34,71,30,10,0,46,87,75,1,0,0,0,0 
35,71,29,9,0,46,86,76,1,0,0,0,0 
36,71,29,9,0,46,85,76,1,0,0,0,0 
37,70,29,9,0,47,84,75,1,0,0,0,0 
37,70,29,9,0,48,84,75,1,0,0,0,0 
38,70,29,9,0,50,83,73,1,0,0,0,0 
37,69,28,10,0,53,83,73,1,0,0,0,0 
37,68,28,10,0,56,84,73,1,0,0,0,0 
37,67,28,10,1,58,84,74,1,0,0,0,0 
37,66,28,11,1,59,83,74,1,0,0,0,0 
36,65,28,11,1,59,83,74,1,0,0,0,0 
36,64,28,11,2,59,82,74,1,0,0,0,0 
36,63,28,12,2,59,81,73,1,0,0,0,0 
35,63,28,12,2,59,79,72,1,0,0,0,0 
33,63,27,12,3,58,77,71,1,0,0,0,0 
31,63,26,13,3,57,77,69,1,0,0,0,0 
29,62,26,13,3,57,76,69,1,0,0,0,0 
27,62,27,14,3,56,76,68,1,0,0,0,0 
27,61,26,14,3,55,77,67,1,0,0,0,0 
27,61,26,14,3,55,78,67,1,0,0,0,0 
28,61,26,14,3,55,78,66,1,0,0,0,0 
28,61,26,14,3,54,78,67,1,0,0,0,0 
29,62,25,13,3,52,78,66,1,0,0,0,0 
29,63,25,13,3,50,78,65,1,0,0,0,0 
29,65,25,12,3,49,77,64,1,0,0,0,0 
30,66,25,12,2,48,75,64,1,0,0,0,0 
30,68,25,11,2,48,75,64,1,0,0,0,0 
31,68,25,11,2,47,75,63,1,0,0,0,0 
31,68,25,10,1,47,76,63,1,0,0,0,0 
32,68,26,9,1,47,76,63,1,0,0,0,0 
33,69,26,9,1,46,75,63,1,0,0,0,0 
34,69,26,8,1,46,74,63,1,0,0,0,0 
36,68,26,8,1,46,72,62,1,0,0,0,0 
38,67,26,7,1,47,71,60,1,0,0,0,0 
38,67,26,6,0,46,70,57,1,0,0,0,0 
39,66,27,6,0,46,69,55,1,0,0,0,0 
38,65,27,6,0,44,69,53,1,0,0,0,0 
38,65,28,6,0,43,67,51,1,0,0,0,0 
38,65,29,6,1,43,65,49,1,0,0,0,0 
38,64,29,6,1,44,64,47,1,0,0,0,0 
39,63,30,7,2,44,64,45,1,0,0,0,0 
39,62,30,8,2,45,65,42,1,0,0,0,0 
40,62,31,9,2,45,66,41,1,0,0,0,0 
41,62,32,10,2,46,67,41,1,0,0,0,0 
41,61,32,12,3,46,67,40,1,0,0,0,0 
41,61,33,13,3,45,69,41,1,0,0,0,0 
41,62,35,14,3,45,71,42,1,0,0,0,0 
41,63,37,15,3,46,71,44,1,0,0,0,0 
40,64,40,15,3,45,73,47,1,0,0,0,0 
40,65,41,16,3,45,74,49,1,0,0,0,0 
39,65,42,16,3,44,75,52,1,0,0,0,0 
38,66,43,17,3,44,75,55,1,0,0,0,0 
38,68,44,17,3,44,75,59,1,0,0,0,0 
38,69,45,17,3,45,75,61,1,0,0,0,0 
37,69,45,17,3,46,76,63,1,0,0,0,0 
37,69,47,18,3,45,77,64,1,0,0,0,0 
37,71,48,18,4,44,77,66,1,0,0,0,0 
38,71,49,18,4,43,76,68,1,0,0,0,0 
37,72,50,17,5,42,76,70,1,0,0,0,0 
36,71,50,16,6,43,76,71,1,0,0,0,0 
37,71,49,16,6,44,76,73,1,0,0,0,0 
37,71,49,16,7,46,75,73,1,0,0,0,0 
37,69,48,16,7,47,74,72,1,0,0,0,0 
38,68,45,16,8,48,74,71,1,0,0,0,0 
38,67,43,17,8,49,74,69,1,0,0,0,0 
38,66,42,17,8,50,72,68,1,0,0,0,0 
38,67,40,18,8,51,71,67,1,0,0,0,0 
39,66,39,18,9,52,70,65,1,0,0,0,0 
38,65,38,18,9,52,69,64,1,0,0,0,0 
39,63,37,18,9,52,69,62,1,0,0,0,0 
40,62,35,18,9,52,69,61,1,0,0,0,0 
40,63,34,18,9,51,69,60,1,0,0,0,0 
41,62,32,17,8,51,70,60,1,0,0,0,0 
41,62,31,16,8,52,71,60,1,0,0,0,0 
41,62,29,16,7,52,71,59,1,0,0,0,0 
41,63,28,16,6,51,71,59,1,0,0,0,0 
41,63,27,16,6,49,72,58,1,0,0,0,0 
40,64,26,15,5,48,72,58,1,0,0,0,0 
39,66,26,15,4,47,73,58,1,0,0,0,0 
39,67,26,14,4,46,74,58,1,0,0,0,0 
39,69,26,13,4,46,74,59,1,0,0,0,0 
40,70,27,13,3,46,74,61,1,0,0,0,0 
40,71,27,13,3,48,75,61,1,0,0,0,0 
41,72,27,13,3,49,76,62,1,0,0,0,0 
41,73,28,13,3,51,77,61,1,0,0,0,0 
41,74,28,12,3,52,77,61,1,0,0,0,0 
41,76,29,12,2,53,76,62,1,0,0,0,0 
40,76,30,11,2,55,75,63,1,0,0,0,0 
40,78,30,11,2,56,75,64,1,0,0,0,0 
39,78,31,11,1,56,74,63,1,0,0,0,0 
38,78,32,11,1,56,75,64,1,0,0,0,0 
38,78,32,11,1,57,74,64,1,0,0,0,0 
37,78,33,10,1,58,75,63,1,0,0,0,0 
36,78,33,10,1,60,76,62,1,0,0,0,0 
36,77,33,10,1,62,76,62,1,0,0,0,0 
35,76,33,10,0,64,76,62,1,0,0,0,0 
35,75,33,10,0,65,76,60,1,0,0,0,0 
33,74,32,9,0,65,76,59,1,0,0,0,0 
32,74,32,9,0,64,76,60,1,0,0,0,0 
31,74,31,8,0,62,75,59,1,0,0,0,0 
30,75,29,8,0,60,76,60,1,0,0,0,0 
29,75,29,8,0,58,77,61,1,0,0,0,0 
29,75,28,7,0,56,78,62,1,0,0,0,0 
28,75,27,8,0,54,79,61,1,0,0,0,0 
28,74,27,8,0,53,79,61,1,0,0,0,0 
28,73,26,8,0,52,79,60,1,0,0,0,0 
29,74,25,7,0,52,78,59,1,0,0,0,0 
29,74,24,7,0,51,77,59,1,0,0,0,0 
30,75,24,8,0,50,76,58,1,0,0,0,0 
30,76,24,7,0,48,75,59,1,0,0,0,0 
30,77,24,7,0,45,74,58,1,0,0,0,0 
30,77,26,7,0,43,72,58,1,0,0,0,0 
31,77,27,8,0,42,73,58,1,0,0,0,0 
31,77,28,8,0,40,73,58,1,0,0,0,0 
31,77,30,8,0,39,73,58,1,0,0,0,0 
31,76,31,8,0,39,74,59,1,0,0,0,0 
32,75,32,9,0,39,74,59,1,0,0,0,0 
32,74,33,9,0,40,73,59,1,0,0,0,0 
33,73,33,9,0,41,72,59,1,0,0,0,0 
33,73,34,10,0,41,70,59,1,0,0,0,0 
33,73,34,10,0,41,69,61,1,0,0,0,0 
33,74,35,10,1,43,68,64,1,0,0,0,0 
32,75,35,11,2,44,67,65,1,0,0,0,0 
33,76,36,11,2,44,68,66,1,0,0,0,0 
33,77,37,11,2,45,69,66,1,0,0,0,0 
34,78,38,11,3,45,69,66,1,0,0,0,0 
34,77,37,11,3,46,69,66,1,0,0,0,0 
34,76,36,10,3,47,70,66,1,0,0,0,0 
34,76,35,9,3,49,71,66,1,0,0,0,0 
33,75,34,9,4,50,71,66,1,0,0,0,0 
33,75,32,8,4,51,71,67,1,0,0,0,0 
34,75,32,8,4,51,71,66,1,0,0,0,0 
33,76,31,8,4,52,71,66,1,0,0,0,0 
33,76,31,8,4,52,71,66,1,0,0,0,0 
33,77,31,8,4,52,73,67,1,0,0,0,0 
34,78,30,9,4,52,74,67,1,0,0,0,0 
35,78,30,9,4,52,74,67,1,0,0,0,0 
36,78,29,9,4,52,74,66,1,0,0,0,0 
36,79,29,9,4,53,75,66,1,0,0,0,0 
35,79,28,10,3,55,75,66,1,0,0,0,0 
34,78,28,10,3,57,74,67,1,0,0,0,0 
33,78,27,11,3,59,74,68,1,0,0,0,0 
33,79,27,11,3,60,75,69,1,0,0,0,0 
33,79,27,11,3,60,75,70,1,0,0,0,0 
33,81,28,12,3,60,75,70,1,0,0,0,0 
35,82,28,12,3,60,76,70,1,0,0,0,0 
35,82,28,13,3,61,77,70,1,0,0,0,0 
36,82,27,13,2,61,77,70,1,0,0,0,0 
36,82,27,13,3,61,77,69,1,0,0,0,0 
37,81,26,13,3,61,77,67,1,0,0,0,0 
37,80,25,12,2,60,78,66,1,0,0,0,0 
37,79,25,12,2,60,79,65,1,0,0,0,0 
37,78,24,11,2,59,81,65,1,0,0,0,0 
37,77,23,11,2,57,83,65,1,0,0,0,0 
38,74,22,11,2,56,84,65,1,0,0,0,0 
38,72,22,11,1,54,86,66,1,0,0,0,0 
38,70,22,12,2,51,86,66,1,0,0,0,0 
38,68,22,13,2,49,87,67,1,0,0,0,0 
39,67,22,13,3,47,88,68,1,0,0,0,0 
38,66,22,14,3,45,88,70,1,0,0,0,0 
38,65,22,14,3,43,88,71,1,0,0,0,0 
37,63,22,14,3,42,87,73,1,0,0,0,0 
37,63,22,15,3,41,87,73,1,0,0,0,0 
37,63,22,15,4,40,86,74,1,0,0,0,0 
37,62,23,15,4,39,85,75,1,0,0,0,0 
37,63,25,15,4,38,83,75,1,0,0,0,0 
36,64,27,14,3,38,82,74,1,0,0,0,0 
35,64,28,14,3,38,81,74,1,0,0,0,0 
34,66,30,14,3,37,80,74,1,0,0,0,0 
33,67,31,13,3,37,79,73,1,0,0,0,0 
33,69,33,14,3,37,79,72,1,0,0,0,0 
33,70,33,13,3,38,78,72,1,0,0,0,0 
33,70,34,12,3,40,78,71,1,0,0,0,0 
33,71,34,11,2,41,78,71,1,0,0,0,0 
33,72,34,10,2,43,78,71,1,0,0,0,0 
34,73,33,10,3,45,77,72,1,0,0,0,0 
35,75,33,10,3,47,77,71,1,0,0,0,0 
35,76,34,10,3,48,76,72,1,0,0,0,0 
35,77,35,10,3,48,76,73,1,0,0,0,0 
35,78,35,10,3,49,77,73,1,0,0,0,0 
34,79,35,10,3,49,77,73,1,0,0,0,0 
34,79,35,10,3,49,77,74,1,0,0,0,0 
35,78,35,10,3,48,77,74,1,0,0,0,0 
36,78,34,10,3,48,77,73,1,0,0,0,0 
37,78,34,10,3,47,77,73,1,0,0,0,0 
38,78,34,10,3,47,77,72,1,0,0,0,0 
39,78,35,10,3,46,77,73,1,0,0,0,0 
40,78,35,10,3,44,77,72,1,0,0,0,0 
40,80,36,9,3,42,77,72,1,0,0,0,0 
40,80,36,9,3,39,76,71,1,0,0,0,0 
40,79,37,9,2,37,76,71,1,0,0,0,0 
39,78,37,8,2,36,77,70,1,0,0,0,0 
38,78,37,8,2,34,78,70,1,0,0,0,0 
37,77,36,9,1,33,78,69,1,0,0,0,0 
37,76,35,9,1,32,79,68,1,0,0,0,0 
38,75,34,10,1,33,80,67,1,0,0,0,0 
38,74,32,10,1,35,81,67,1,0,0,0,0 
38,74,31,11,0,36,82,67,1,0,0,0,0 
38,74,29,11,0,37,83,67,1,0,0,0,0 
37,75,29,12,0,39,82,66,1,0,0,0,0 
36,76,28,12,0,39,81,65,1,0,0,0,0 
35,76,27,12,0,39,80,64,1,0,0,0,0 
34,76,26,12,0,40,78,62,1,0,0,0,0 
33,76,25,13,0,41,77,60,1,0,0,0,0 
32,74,24,13,0,42,76,60,1,0,0,0,0 
32,74,23,13,0,44,75,58,1,0,0,0,0 
32,75,22,14,0,46,75,56,1,0,0,0,0 
32,74,21,14,0,47,74,56,1,0,0,0,0 
33,73,21,13,0,50,74,54,1,0,0,0,0 
33,72,20,13,0,52,73,54,1,0,0,0,0 
32,70,20,12,0,53,74,55,1,0,0,0,0 
31,68,19,11,0,52,73,55,1,0,0,0,0 
30,68,20,11,0,51,74,55,1,0,0,0,0 
30,67,20,10,0,51,73,56,1,0,0,0,0 
29,65,21,10,0,50,73,56,1,0,0,0,0 
30,63,21,9,0,49,73,57,1,0,0,0,0 
30,61,21,9,0,48,73,59,1,0,0,0,0 
31,60,22,9,0,48,73,61,1,0,0,0,0 
32,58,23,9,0,48,74,63,1,0,0,0,0 
33,57,24,9,0,48,74,63,1,0,0,0,0 
34,55,25,8,0,48,75,64,1,0,0,0,0 
34,55,25,8,0,47,75,65,1,0,0,0,0 
34,54,26,8,0,44,75,65,1,0,0,0,0 
34,54,26,8,0,42,74,64,1,0,0,0,0 
34,54,27,8,0,40,74,65,1,0,0,0,0 
34,55,28,7,0,40,74,65,1,0,0,0,0 
34,56,29,8,0,40,73,65,1,0,0,0,0 
34,57,29,8,0,42,73,65,1,0,0,0,0 
34,58,28,8,0,44,72,65,1,0,0,0,0 
35,60,28,8,0,45,71,64,1,0,0,0,0 
36,62,27,8,0,45,71,64,1,0,0,0,0 
37,64,27,8,0,46,70,63,1,0,0,0,0 
36,64,26,8,0,46,70,61,1,0,0,0,0 
36,65,26,7,0,46,70,59,1,0,0,0,0 
36,65,25,8,0,46,70,58,1,0,0,0,0 
36,67,25,8,0,46,69,57,1,0,0,0,0 
36,69,25,8,0,46,68,54,1,0,0,0,0 
36,70,26,8,0,47,68,52,1,0,0,0,0 
36,71,26,8,0,48,68,50,1,0,0,0,0 
35,70,26,8,0,49,68,49,1,0,0,0,0 
35,68,26,9,0,51,68,48,1,0,0,0,0 
34,67,26,9,0,52,68,47,1,0,0,0,0 
33,66,26,9,0,53,68,46,1,0,0,0,0 
33,66,27,8,0,52,68,45,1,0,0,0,0 
32,64,27,8,0,52,69,45,1,0,0,0,0 
31,63,27,7,0,52,69,46,1,0,0,0,0 
30,62,27,7,0,52,70,47,1,0,0,0,0 
29,63,27,7,0,54,71,48,1,0,0,0,0 
29,63,26,7,0,55,71,48,1,0,0,0,0 
29,62,26,7,0,56,72,49,1,0,0,0,0 
28,62,25,7,0,57,73,50,1,0,0,0,0 
28,62,25,8,0,57,74,51,1,0,0,0,0 
27,60,24,7,0,56,74,52,1,0,0,0,0 
26,59,24,7,0,55,74,54,1,0,0,0,0 
26,58,24,7,0,54,74,55,1,0,0,0,0 
27,59,24,7,0,53,74,55,1,0,0,0,0 
29,61,25,7,0,52,74,55,1,0,0,0,0 
30,62,25,7,0,51,74,54,1,0,0,0,0 
31,63,26,7,0,50,74,54,1,0,0,0,0 
32,63,26,7,0,49,74,53,1,0,0,0,0 
33,63,27,7,0,47,73,52,1,0,0,0,0 
33,62,27,7,0,46,72,50,1,0,0,0,0 
33,61,28,7,0,45,72,48,1,0,0,0,0 
32,60,29,7,0,44,72,46,1,0,0,0,0 
31,61,30,7,0,43,73,44,1,0,0,0,0 
30,61,30,7,0,42,74,43,1,0,0,0,0 
30,61,31,7,0,41,75,44,1,0,0,0,0 
29,61,30,7,0,40,75,46,1,0,0,0,0 
29,62,30,7,0,40,75,47,1,0,0,0,0 
29,63,28,7,0,40,75,48,1,0,0,0,0 
29,64,28,7,0,40,74,49,1,0,0,0,0 
28,64,27,7,0,40,73,50,1,0,0,0,0 
27,63,27,7,0,38,73,51,1,0,0,0,0 
25,63,26,7,0,38,72,51,1,0,0,0,0 
24,62,26,7,0,38,71,52,1,0,0,0,0 
24,62,25,7,1,38,70,54,1,0,0,0,0 
23,62,25,7,1,39,69,56,1,0,0,0,0 
24,63,24,7,1,40,68,58,1,0,0,0,0 
25,64,23,6,1,40,68,61,1,0,0,0,0 
26,63,23,6,1,41,68,64,1,0,0,0,0 
28,63,23,5,1,41,68,66,1,0,0,0,0 
31,62,24,5,1,42,67,67,1,0,0,0,0 
33,62,25,4,1,42,65,68,1,0,0,0,0 
35,61,27,4,1,42,64,67,1,0,0,0,0 
37,60,28,4,1,42,63,66,1,0,0,0,0 
39,60,29,3,1,42,62,65,1,0,0,0,0 
41,60,30,3,1,42,62,65,1,0,0,0,0 
42,59,31,3,1,42,61,64,1,0,0,0,0 
43,59,32,3,1,41,58,63,1,0,0,0,0 
44,59,33,4,1,41,57,63,1,0,0,0,0 
44,59,34,4,1,41,56,63,1,0,0,0,0 
44,59,34,4,1,39,55,61,1,0,0,0,0 
45,59,35,4,1,39,55,60,1,0,0,0,0 
44,58,35,4,1,39,56,59,1,0,0,0,0 
43,58,36,4,1,40,56,59,1,0,0,0,0 
42,57,36,4,1,40,56,59,1,0,0,0,0 
40,56,36,4,0,41,55,59,1,0,0,0,0 
37,56,36,4,0,42,55,59,1,0,0,0,0 
35,58,36,4,0,43,56,59,1,0,0,0,0 
33,59,36,5,0,44,57,59,1,0,0,0,0 
31,61,36,5,0,44,58,60,1,0,0,0,0 
31,62,36,5,0,46,60,60,1,0,0,0,0 
31,64,36,6,0,47,62,61,1,0,0,0,0 
31,66,36,6,0,48,65,62,1,0,0,0,0 
31,67,35,6,0,49,67,63,1,0,0,0,0 
32,69,33,5,0,49,69,65,1,0,0,0,0 
33,71,32,5,0,49,71,66,1,0,0,0,0 
33,71,31,5,0,49,73,67,1,0,0,0,0 
34,72,31,5,0,48,75,67,1,0,0,0,0 
35,73,31,5,0,47,76,67,1,0,0,0,0 
35,75,31,6,0,45,77,67,1,0,0,0,0 
35,76,30,6,0,44,78,67,1,0,0,0,0 
36,77,29,6,0,42,79,67,1,0,0,0,0 
36,76,28,6,0,41,79,67,1,0,0,0,0 
37,76,27,6,0,39,78,65,1,0,0,0,0 
37,75,26,5,0,39,76,64,1,0,0,0,0 
36,75,25,5,0,39,76,63,1,0,0,0,0 
35,75,24,5,0,38,75,62,1,0,0,0,0 
33,74,23,6,0,36,75,62,1,0,0,0,0 
31,73,23,6,0,36,74,62,1,0,0,0,0 
30,73,23,6,0,36,75,61,1,0,0,0,0 
29,73,23,6,0,36,75,59,1,0,0,0,0 
29,74,24,7,0,36,74,58,1,0,0,0,0 
29,75,24,7,0,38,73,56,1,0,0,0,0 
29,75,25,7,0,40,72,55,1,0,0,0,0 
29,75,24,7,0,43,71,55,1,0,0,0,0 
28,75,24,7,0,45,69,53,1,0,0,0,0 
28,75,24,7,0,47,69,51,1,0,0,0,0 
28,75,24,8,0,50,69,49,1,0,0,0,0 
28,76,24,8,0,51,70,49,1,0,0,0,0 
29,76,24,8,0,53,70,48,1,0,0,0,0 
29,76,24,9,0,54,71,48,1,0,0,0,0 
30,77,24,9,0,54,71,47,1,0,0,0,0 
31,77,24,8,0,56,72,46,1,0,0,0,0 
32,78,24,8,0,58,73,45,1,0,0,0,0 
32,78,24,7,0,59,72,46,1,0,0,0,0 
32,78,24,7,0,60,72,46,1,0,0,0,0 
32,77,25,6,0,61,73,46,1,0,0,0,0 
32,78,26,6,0,61,74,46,1,0,0,0,0 
32,77,26,6,0,60,75,47,1,0,0,0,0 
32,77,26,6,0,59,75,47,1,0,0,0,0 
32,77,26,7,0,57,75,47,1,0,0,0,0 
32,77,26,7,0,55,76,48,1,0,0,0,0 
33,77,26,8,0,53,76,48,1,0,0,0,0 
33,76,26,8,0,51,75,50,1,0,0,0,0 
32,75,26,8,0,48,74,50,1,0,0,0,0 
32,73,26,8,0,47,73,51,1,0,0,0,0 
32,72,26,8,0,45,73,52,1,0,0,0,0 
32,70,26,7,0,44,72,54,1,0,0,0,0 
31,68,25,7,0,42,70,56,1,0,0,0,0 
31,65,25,7,0,40,69,56,1,0,0,0,0 
30,63,24,7,0,38,68,56,1,0,0,0,0 
29,62,23,7,0,36,68,56,1,0,0,0,0 
29,60,22,7,0,34,67,57,1,0,0,0,0 
28,58,21,7,0,33,67,59,1,0,0,0,0 
28,58,20,7,0,31,66,61,1,0,0,0,0 
29,58,19,6,0,29,66,62,1,0,0,0,0 
30,58,19,5,0,29,66,63,1,0,0,0,0 
30,58,19,5,0,29,66,65,1,0,0,0,0 
31,58,18,4,0,30,66,66,1,0,0,0,0 
31,59,18,4,0,31,65,66,1,0,0,0,0 
32,61,18,3,0,32,65,67,1,0,0,0,0 
32,62,18,3,0,34,65,68,1,0,0,0,0 
33,62,18,3,0,35,66,69,1,0,0,0,0 
34,62,17,3,1,36,66,68,1,0,0,0,0 
34,63,17,3,1,36,67,68,1,0,0,0,0 
35,63,17,3,1,37,66,67,1,0,0,0,0 
35,63,17,4,1,38,65,66,1,0,0,0,0 
35,64,17,4,1,39,63,64,1,0,0,0,0 
36,66,17,5,1,40,61,62,1,0,0,0,0 
36,67,17,5,1,42,60,59,1,0,0,0,0 
35,67,17,6,2,44,60,58,1,0,0,0,0 
35,67,17,6,2,46,60,57,1,0,0,0,0 
35,68,17,6,2,47,61,56,1,0,0,0,0 
35,69,17,7,2,47,61,55,1,0,0,0,0 
35,71,17,7,2,47,61,54,1,0,0,0,0 
34,72,17,7,2,46,62,53,1,0,0,0,0 
34,72,18,8,2,45,61,52,1,0,0,0,0 
34,73,19,8,2,44,62,50,1,0,0,0,0 
33,74,20,8,2,43,62,49,1,0,0,0,0 
32,76,21,9,1,42,62,48,1,0,0,0,0 
31,77,22,9,1,41,61,47,1,0,0,0,0 
31,78,23,9,1,41,61,46,1,0,0,0,0 
31,79,24,8,1,41,62,46,1,0,0,0,0 
31,78,25,8,1,42,64,45,1,0,0,0,0 
30,77,26,8,1,43,65,45,1,0,0,0,0 
31,77,27,8,1,44,65,46,1,0,0,0,0 
32,75,28,7,0,45,65,45,1,0,0,0,0 
32,75,28,7,0,46,65,44,1,0,0,0,0 
32,74,29,7,0,47,63,43,1,0,0,0,0 
32,73,28,7,0,49,62,43,1,0,0,0,0 
32,73,28,6,0,51,61,42,1,0,0,0,0 
32,72,28,6,0,53,60,42,1,0,0,0,0 
32,71,27,6,0,56,60,42,1,0,0,0,0 
32,70,27,5,0,59,60,43,1,0,0,0,0 
32,71,28,5,0,61,60,44,1,0,0,0,0 
31,71,28,4,0,63,60,45,1,0,0,0,0 
31,71,28,4,0,65,60,45,1,0,0,0,0 
31,71,27,4,0,67,60,46,1,0,0,0,0 
31,72,27,3,0,69,60,47,1,0,0,0,0 
31,73,27,3,0,69,59,48,1,0,0,0,0 
31,72,27,4,0,68,59,49,1,0,0,0,0 
30,72,27,4,0,68,59,50,1,0,0,0,0 
28,73,27,4,0,66,60,52,1,0,0,0,0 
28,73,27,4,0,66,60,54,1,0,0,0,0 
29,74,27,5,0,66,61,55,1,0,0,0,0 
28,74,28,5,0,65,63,57,1,0,0,0,0 
28,73,28,5,0,64,65,59,1,0,0,0,0 
29,73,29,5,0,64,67,60,1,0,0,0,0 
29,71,30,5,0,62,68,62,1,0,0,0,0 
29,69,29,5,0,61,70,63,1,0,0,0,0 
29,68,28,6,0,60,71,64,1,0,0,0,0 
29,65,27,6,0,59,73,66,1,0,0,0,0 
29,64,26,6,0,58,75,67,1,0,0,0,0 
29,63,26,6,0,58,78,68,1,0,0,0,0 
29,63,26,6,0,56,79,68,1,0,0,0,0 
29,64,27,6,0,55,80,68,1,0,0,0,0 
29,64,27,5,0,55,80,67,1,0,0,0,0 
29,64,27,5,0,53,79,66,1,0,0,0,0 
28,63,27,4,0,52,78,64,1,0,0,0,0 
27,63,27,4,0,52,78,63,1,0,0,0,0 
26,63,27,4,0,50,77,62,1,0,0,0,0 
25,62,28,3,0,48,75,60,1,0,0,0,0 
24,61,28,3,0,47,73,58,1,0,0,0,0 
23,61,28,3,0,45,72,58,1,0,0,0,0 
23,62,28,3,0,46,71,56,1,0,0,0,0 
23,63,29,3,0,47,68,54,1,0,0,0,0 
24,64,30,3,0,47,67,53,1,0,0,0,0 
24,65,31,3,0,48,65,51,1,0,0,0,0 
24,65,31,3,0,48,64,50,1,0,0,0,0 
25,64,30,3,0,49,63,49,1,0,0,0,0 
25,64,30,4,0,49,62,49,1,0,0,0,0 
26,63,29,4,0,49,61,48,1,0,0,0,0 
27,63,28,4,0,48,60,47,1,0,0,0,0 
27,64,28,4,0,49,60,47,1,0,0,0,0 
28,64,28,4,0,49,58,47,1,0,0,0,0 
28,63,27,5,0,49,56,46,1,0,0,0,0 
28,62,26,5,0,49,54,46,1,0,0,0,0 
27,62,25,5,0,50,54,48,1,0,0,0,0 
27,63,25,5,0,50,53,50,1,0,0,0,0 
27,64,25,6,0,50,52,50,1,0,0,0,0 
27,65,25,6,0,48,52,50,1,0,0,0,0 
26,66,25,6,0,47,53,51,1,0,0,0,0 
26,66,25,6,0,45,52,50,1,0,0,0,0 
26,67,25,6,0,44,50,50,1,0,0,0,0 
25,68,26,6,0,44,49,49,1,0,0,0,0 
25,70,27,6,0,42,47,49,1,0,0,0,0 
25,69,27,5,0,42,46,49,1,0,0,0,0 
26,70,28,5,0,42,47,50,1,0,0,0,0 
27,71,29,5,0,43,47,52,1,0,0,0,0 
28,71,30,5,0,43,49,53,1,0,0,0,0 
29,71,30,5,0,42,50,54,1,0,0,0,0 
29,71,30,5,0,42,51,54,1,0,0,0,0 
30,71,31,6,0,42,52,54,1,0,0,0,0 
30,72,30,6,0,42,53,52,1,0,0,0,0 
30,70,30,6,0,41,53,51,1,0,0,0,0 
30,70,30,6,0,41,53,50,1,0,0,0,0 
30,69,30,7,0,42,52,49,1,0,0,0,0 
29,69,29,7,0,42,51,48,1,0,0,0,0 
29,70,29,7,0,42,51,48,1,0,0,0,0 
29,70,29,8,0,43,51,48,1,0,0,0,0 
29,70,30,8,0,45,51,49,1,0,0,0,0 
29,71,31,9,0,46,51,50,1,0,0,0,0 
28,71,32,9,0,46,52,50,1,0,0,0,0 
26,71,32,9,0,48,51,50,1,0,0,0,0 
26,70,32,10,0,48,52,49,1,0,0,0,0 
25,70,32,10,0,49,52,49,1,0,0,0,0 
24,69,32,9,0,50,52,50,1,0,0,0,0 
23,68,32,9,0,50,52,51,1,0,0,0,0 
23,68,32,9,0,50,53,52,1,0,0,0,0 
22,68,33,9,0,49,54,53,1,0,0,0,0 
22,70,35,8,0,49,55,53,1,0,0,0,0 
22,71,35,8,0,49,55,54,1,0,0,0,0 
23,71,35,8,0,49,55,54,1,0,0,0,0 
23,72,36,8,0,49,55,55,1,0,0,0,0 
23,72,37,7,0,49,55,55,1,0,0,0,0 
24,73,37,7,0,48,55,55,1,0,0,0,0 
24,73,36,6,0,47,55,55,1,0,0,0,0 
25,74,35,6,0,47,54,55,1,0,0,0,0 
25,74,34,6,0,46,55,55,1,0,0,0,0 
25,75,33,6,0,44,55,56,1,0,0,0,0 
25,75,33,6,0,44,55,56,1,0,0,0,0 
25,76,32,6,0,45,56,57,1,0,0,0,0 
25,77,31,6,0,45,56,57,1,0,0,0,0 
26,79,31,6,0,47,57,57,1,0,0,0,0 
27,80,30,6,0,49,56,57,1,0,0,0,0 
27,80,29,6,0,50,54,56,1,0,0,0,0 
28,79,27,7,0,51,54,55,1,0,0,0,0 
28,78,26,7,0,51,54,55,1,0,0,0,0 
29,77,26,7,0,50,54,54,1,0,0,0,0 
29,75,24,7,0,49,54,53,1,0,0,0,0 
29,73,23,7,0,48,54,52,1,0,0,0,0 
28,70,21,7,0,48,55,50,1,0,0,0,0 
27,69,21,7,0,48,56,49,1,0,0,0,0 
26,68,20,7,0,49,57,50,1,0,0,0,0 
26,69,19,7,0,50,57,51,1,0,0,0,0 
26,68,18,7,0,51,56,52,1,0,0,0,0 
26,67,17,6,0,50,56,54,1,0,0,0,0 
25,66,17,6,0,49,56,54,1,0,0,0,0 
25,66,17,6,0,49,56,54,1,0,0,0,0 
25,65,18,7,0,49,56,53,1,0,0,0,0 
25,65,18,7,1,48,56,53,1,0,0,0,0 
26,65,19,7,1,48,57,54,1,0,0,0,0 
26,65,19,8,1,48,57,55,1,0,0,0,0 
27,64,19,8,1,48,58,55,1,0,0,0,0 
27,65,20,8,1,49,58,56,1,0,0,0,0 
27,66,21,8,1,49,59,57,1,0,0,0,0 
27,66,22,8,1,50,60,57,1,0,0,0,0 
27,67,22,8,1,51,59,58,1,0,0,0,0 
27,67,23,8,1,50,58,58,1,0,0,0,0 
27,67,24,9,0,49,57,57,1,0,0,0,0 
27,67,24,10,0,49,57,55,1,0,0,0,0 
27,67,25,10,0,50,57,52,1,0,0,0,0 
27,68,25,10,0,51,55,50,1,0,0,0,0 
27,70,26,11,0,51,54,48,1,0,0,0,0 
27,71,26,11,0,51,54,46,1,0,0,0,0 
26,72,25,11,0,51,53,45,1,0,0,0,0 
25,71,25,10,0,50,52,43,1,0,0,0,0 
24,71,25,10,0,50,52,42,1,0,0,0,0 
22,71,24,9,0,50,52,40,1,0,0,0,0 
21,71,24,9,0,49,52,39,1,0,0,0,0 
21,70,24,9,0,49,51,37,1,0,0,0,0 
20,69,23,9,0,49,50,37,1,0,0,0,0 
20,69,22,8,0,50,49,36,1,0,0,0,0 
21,68,21,8,0,51,49,36,1,0,0,0,0 
21,67,20,8,0,52,49,35,1,0,0,0,0 
21,65,20,7,0,53,49,35,1,0,0,0,0 
20,63,19,6,0,52,49,35,1,0,0,0,0 
20,63,19,6,0,52,50,37,1,0,0,0,0 
20,61,19,5,0,51,51,39,1,0,0,0,0 
20,59,18,5,0,50,51,41,1,0,0,0,0 
20,58,18,4,0,49,51,44,1,0,0,0,0 
20,57,18,4,0,50,51,46,1,0,0,0,0 
20,58,18,4,0,50,51,48,1,0,0,0,0 
21,58,18,5,0,49,50,48,1,0,0,0,0 
21,59,18,5,0,49,48,48,1,0,0,0,0 
21,59,18,5,1,48,46,49,1,0,0,0,0 
21,60,18,5,1,49,46,50,1,0,0,0,0 
20,61,17,5,1,49,46,49,1,0,0,0,0 
20,61,17,5,1,48,47,49,1,0,0,0,0 
19,61,18,5,1,46,48,50,1,0,0,0,0 
19,63,19,5,1,45,48,51,1,0,0,0,0 
18,65,20,5,1,44,49,54,1,0,0,0,0 
18,67,21,5,1,44,48,54,1,0,0,0,0 
18,68,22,6,1,44,47,54,1,0,0,0,0 
17,70,23,7,0,44,45,52,1,0,0,0,0 
16,72,24,8,0,43,43,49,1,0,0,0,0 
15,72,24,9,0,42,43,46,1,0,0,0,0 
14,72,24,10,0,41,43,45,1,0,0,0,0 
13,71,24,10,0,40,43,44,1,0,0,0,0 
12,71,24,11,0,40,44,44,1,0,0,0,0 
11,71,24,11,0,41,45,45,1,0,0,0,0 
11,72,24,11,0,43,48,46,1,0,0,0,0 
10,72,24,11,0,44,49,48,1,0,0,0,0 
10,72,24,11,0,45,50,50,1,0,0,0,0 
9,73,24,11,0,46,50,52,1,0,0,0,0 
10,73,23,11,0,47,50,52,1,0,0,0,0 
10,73,23,11,0,47,50,52,1,0,0,0,0 
11,72,22,11,0,47,51,51,1,0,0,0,0 
11,71,22,12,0,46,53,50,1,0,0,0,0 
12,71,22,11,0,45,54,50,1,0,0,0,0 
13,70,22,10,0,45,56,50,1,0,0,0,0 
14,70,22,9,0,46,58,51,1,0,0,0,0 
15,69,23,8,0,46,60,52,1,0,0,0,0 
16,70,23,7,1,47,60,53,1,0,0,0,0 
18,71,24,6,1,48,60,53,1,0,0,0,0 
19,72,25,6,1,49,61,54,1,0,0,0,0 
20,73,26,5,2,48,61,53,1,0,0,0,0 
21,74,27,4,2,48,61,52,1,0,0,0,0 
21,75,27,4,2,46,61,50,1,0,0,0,0 
22,76,28,4,2,46,60,49,1,0,0,0,0 
23,76,28,4,3,44,61,47,1,0,0,0,0 
23,76,29,3,3,43,62,46,1,0,0,0,0 
24,76,30,3,3,42,63,46,1,0,0,0,0 
24,75,31,3,3,42,64,45,1,0,0,0,0 
24,76,32,3,3,43,65,44,1,0,0,0,0 
25,76,33,3,3,44,66,44,1,0,0,0,0 
25,76,33,3,4,44,66,45,1,0,0,0,0 
25,77,33,3,3,45,68,45,1,0,0,0,0 
26,78,33,3,3,45,68,46,1,0,0,0,0 
27,79,33,4,3,45,68,47,1,0,0,0,0 
27,80,33,4,2,45,69,47,1,0,0,0,0 
27,81,33,4,2,44,69,47,1,0,0,0,0 
27,80,34,4,2,43,68,46,1,0,0,0,0 
27,79,34,4,2,43,66,45,1,0,0,0,0 
27,78,34,4,2,43,66,46,1,0,0,0,0 
27,77,34,4,1,44,67,46,1,0,0,0,0 
26,77,35,4,1,45,67,47,1,0,0,0,0 
26,77,35,4,1,46,66,47,1,0,0,0,0 
25,77,35,4,1,46,64,47,1,0,0,0,0 
24,76,34,4,1,47,63,47,1,0,0,0,0 
23,75,33,4,1,46,62,47,1,0,0,0,0 
22,74,33,4,0,45,61,46,1,0,0,0,0 
21,74,34,5,0,44,58,45,1,0,0,0,0 
20,72,34,6,0,42,55,42,1,0,0,0,0 
19,70,34,7,0,40,53,39,1,0,0,0,0 
18,69,34,8,0,38,50,36,1,0,0,0,0 
17,68,35,8,0,36,48,34,1,0,0,0,0 
16,68,36,9,0,34,46,32,1,0,0,0,0 
15,68,36,10,0,33,45,30,1,0,0,0,0 
14,69,37,11,0,34,45,28,1,0,0,0,0 
15,69,39,12,0,35,45,27,1,0,0,0,0 
16,71,41,13,0,34,44,27,1,0,0,0,0 
16,72,44,13,1,34,43,26,1,0,0,0,0 
16,73,45,14,1,34,42,25,1,0,0,0,0 
17,75,46,15,1,33,41,25,1,0,0,0,0 
17,75,48,16,1,33,40,24,1,0,0,0,0 
17,75,48,16,1,32,38,23,1,0,0,0,0 
18,75,48,16,2,32,37,23,1,0,0,0,0 
18,74,46,16,2,31,36,23,1,0,0,0,0 
19,73,45,16,2,31,36,24,1,0,0,0,0 
19,73,45,15,3,32,37,24,1,0,0,0,0 
20,73,44,15,3,32,37,27,1,0,0,0,0 
21,74,43,15,4,34,39,29,1,0,0,0,0 
22,74,42,15,4,36,41,31,1,0,0,0,0 
23,74,41,15,4,37,42,35,1,0,0,0,0 
23,75,40,14,5,38,42,38,1,0,0,0,0 
22,75,38,14,6,38,43,41,1,0,0,0,0 
22,74,36,13,7,39,43,43,1,0,0,0,0 
22,74,35,12,8,40,43,44,1,0,0,0,0 
23,74,36,12,8,41,44,46,1,0,0,0,0 
24,73,37,12,9,42,46,48,1,0,0,0,0 
24,74,37,12,9,44,47,52,1,0,0,0,0 
25,75,38,12,10,46,50,55,1,0,0,0,0 
26,76,39,12,10,48,52,59,1,0,0,0,0 
26,78,40,12,10,50,55,62,1,0,0,0,0 
25,79,40,11,10,52,58,65,1,0,0,0,0 
25,80,40,11,10,54,60,68,1,0,0,0,0 
24,80,40,10,9,55,62,69,1,0,0,0,0 
24,80,41,10,9,55,63,69,1,0,0,0,0 
24,80,42,9,9,55,63,69,1,0,0,0,0 
24,79,44,9,9,54,62,67,1,0,0,0,0 
24,78,46,9,8,53,62,66,1,0,0,0,0 
25,77,48,9,7,51,60,64,1,0,0,0,0 
25,77,50,9,6,49,59,62,1,0,0,0,0 
24,75,51,10,5,46,58,60,1,0,0,0,0 
24,73,50,9,4,44,56,60,1,0,0,0,0 
23,72,49,10,4,42,54,59,1,0,0,0,0 
23,71,49,10,5,40,54,57,1,0,0,0,0 
22,69,48,10,5,39,54,56,1,0,0,0,0 
22,67,47,10,5,38,53,55,1,0,0,0,0 
22,67,47,10,5,36,52,53,1,0,0,0,0 
22,68,47,11,5,35,50,51,1,0,0,0,0 
22,68,47,11,6,34,49,50,1,0,0,0,0 
22,67,47,11,6,33,48,48,1,0,0,0,0 
22,66,46,12,7,32,47,47,1,0,0,0,0 
22,65,45,13,7,32,48,47,1,0,0,0,0 
23,65,44,13,7,31,49,47,1,0,0,0,0 
23,64,42,14,7,30,50,48,1,0,0,0,0 
23,64,41,14,7,29,50,49,1,0,0,0,0 
24,64,39,15,8,28,51,49,1,0,0,0,0 
24,64,38,15,8,28,53,51,1,0,0,0,0 
24,66,37,16,8,29,54,51,1,0,0,0,0 
25,66,36,16,8,31,55,51,1,0,0,0,0 
26,67,35,17,7,33,55,52,1,0,0,0,0 
26,68,35,18,7,33,54,51,1,0,0,0,0 
27,69,35,19,6,35,54,52,1,0,0,0,0 
27,70,34,19,6,37,54,53,1,0,0,0,0 
28,70,34,20,5,39,55,55,1,0,0,0,0 
28,70,33,20,5,40,56,57,1,0,0,0,0 
29,70,33,21,4,41,57,59,1,0,0,0,0 
29,69,33,21,4,43,58,61,1,0,0,0,0 
30,70,32,21,3,44,59,62,1,0,0,0,0 
30,69,32,22,3,46,59,62,1,0,0,0,0 
30,69,32,22,2,48,60,60,1,0,0,0,0 
30,69,31,22,2,50,60,59,1,0,0,0,0 
30,68,30,22,2,52,60,58,1,0,0,0,0 
30,69,30,21,1,53,60,57,1,0,0,0,0 
30,68,30,21,1,53,60,55,1,0,0,0,0 
29,69,30,20,1,53,59,54,1,0,0,0,0 
28,70,30,18,0,52,58,51,1,0,0,0,0 
27,70,29,17,0,53,58,50,1,0,0,0,0 
26,70,29,16,0,52,58,48,1,0,0,0,0 
26,71,30,15,0,52,59,46,1,0,0,0,0 
25,71,32,15,0,52,59,44,1,0,0,0,0 
24,71,34,14,0,52,59,43,1,0,0,0,0 
23,72,35,14,0,52,59,41,1,0,0,0,0 
22,72,36,13,0,52,59,39,1,0,0,0,0 
21,73,37,12,0,52,58,37,1,0,0,0,0 
20,73,36,12,0,52,58,37,1,0,0,0,0 
19,74,35,11,0,51,57,37,1,0,0,0,0 
19,75,35,11,0,51,57,38,1,0,0,0,0 
19,76,34,10,0,50,57,38,1,0,0,0,0 
19,77,35,10,0,50,57,39,1,0,0,0,0 
20,78,35,10,0,48,58,41,1,0,0,0,0 
20,78,35,9,0,47,59,42,1,0,0,0,0 
21,77,35,9,0,46,62,45,1,0,0,0,0 
21,78,35,9,0,45,63,48,1,0,0,0,0 
21,77,35,9,0,45,65,50,1,0,0,0,0 
22,75,34,8,0,45,67,51,1,0,0,0,0 
22,75,32,8,0,45,68,51,1,0,0,0,0 
23,76,32,7,1,45,69,52,1,0,0,0,0 
24,77,31,7,1,45,71,52,1,0,0,0,0 
25,78,31,7,1,45,72,53,1,0,0,0,0 
26,78,30,7,1,45,73,53,1,0,0,0,0 
26,78,30,6,2,46,73,53,1,0,0,0,0 
27,79,31,6,2,46,73,53,1,0,0,0,0 
27,79,31,6,2,46,73,53,1,0,0,0,0 
28,79,32,6,2,47,74,52,1,0,0,0,0 
28,78,32,6,2,47,74,51,1,0,0,0,0 
28,79,32,6,2,48,75,51,1,0,0,0,0 
27,79,32,6,3,49,75,51,1,0,0,0,0 
27,78,32,6,3,50,75,50,1,0,0,0,0 
27,77,33,6,3,50,74,48,1,0,0,0,0 
27,77,32,5,4,50,72,46,1,0,0,0,0 
28,77,32,5,3,50,71,45,1,0,0,0,0 
28,77,31,5,3,50,70,45,1,0,0,0,0 
27,75,31,5,4,50,68,46,1,0,0,0,0 
27,75,30,5,4,50,65,47,1,0,0,0,0 
27,74,31,6,4,50,63,48,1,0,0,0,0 
27,74,31,6,4,49,62,50,1,0,0,0,0 
27,73,32,6,4,48,60,51,1,0,0,0,0 
28,73,32,6,4,47,58,51,1,0,0,0,0 
28,72,33,6,4,46,56,52,1,0,0,0,0 
29,71,33,6,4,46,54,54,1,0,0,0,0 
30,71,33,7,4,47,52,56,1,0,0,0,0 
31,70,33,8,4,48,50,57,1,0,0,0,0 
32,69,33,8,3,49,49,58,1,0,0,0,0 
33,67,33,9,3,50,48,59,1,0,0,0,0 
34,66,34,9,3,50,47,61,1,0,0,0,0 
35,65,34,10,2,52,46,63,1,0,0,0,0 
36,64,34,10,2,53,44,63,1,0,0,0,0 
36,63,35,11,2,53,43,63,1,0,0,0,0 
36,63,36,11,1,53,41,63,1,0,0,0,0 
36,63,36,12,1,52,41,62,1,0,0,0,0 
36,63,36,12,1,53,41,61,1,0,0,0,0 
36,63,36,12,1,53,42,60,1,0,0,0,0 
36,62,37,12,0,54,43,60,1,0,0,0,0 
34,61,36,12,0,54,45,59,1,0,0,0,0 
33,60,35,12,0,56,47,59,1,0,0,0,0 
31,60,34,12,0,58,49,58,1,0,0,0,0 
29,59,33,11,0,58,51,57,1,0,0,0,0 
28,59,31,10,0,59,52,55,1,0,0,0,0 
26,60,31,10,0,60,53,54,1,0,0,0,0 
25,61,30,11,0,61,53,53,1,0,0,0,0 
23,62,30,11,0,61,54,51,1,0,0,0,0 
21,63,30,11,0,60,54,51,1,0,0,0,0 
20,65,31,11,0,59,55,50,1,0,0,0,0 
19,67,31,11,0,58,54,50,1,0,0,0,0 
19,68,31,11,0,57,55,49,1,0,0,0,0 
18,69,32,11,0,56,55,49,1,0,0,0,0 
18,69,32,10,0,55,53,49,1,0,0,0,0 
17,69,32,10,0,53,53,49,1,0,0,0,0 
17,71,32,10,0,52,54,48,1,0,0,0,0 
16,73,32,10,0,51,53,48,1,0,0,0,0 
17,74,32,10,0,50,52,47,1,0,0,0,0 
17,75,33,10,0,48,52,47,1,0,0,0,0 
17,76,34,10,0,46,52,47,1,0,0,0,0 
17,76,35,10,0,44,53,48,1,0,0,0,0 
16,76,36,9,0,42,53,49,1,0,0,0,0 
16,77,37,8,0,40,54,51,1,0,0,0,0 
16,77,38,7,0,39,55,52,1,0,0,0,0 
16,77,38,7,0,38,57,52,1,0,0,0,0 
16,76,39,6,0,37,58,52,1,0,0,0,0 
17,75,38,6,0,37,60,52,1,0,0,0,0 
17,73,38,6,0,37,61,53,1,0,0,0,0 
17,72,38,5,0,38,62,52,1,0,0,0,0 
17,71,38,5,0,38,64,52,1,0,0,0,0 
17,70,38,5,0,39,65,53,1,0,0,0,0 
18,69,37,5,0,39,65,54,1,0,0,0,0 
19,68,38,4,0,39,66,55,1,0,0,0,0 
19,68,38,4,0,39,68,56,1,0,0,0,0 
19,67,38,4,0,39,68,56,1,0,0,0,0 
19,66,37,4,0,39,69,57,1,0,0,0,0 
19,66,36,4,0,39,70,57,1,0,0,0,0 
19,67,35,4,0,38,70,56,1,0,0,0,0 
19,66,34,4,0,38,70,54,1,0,0,0,0 
20,67,33,5,0,38,70,55,1,0,0,0,0 
20,68,32,5,0,38,71,55,1,0,0,0,0 
20,68,32,5,0,38,72,55,1,0,0,0,0 
21,69,31,5,0,37,73,54,1,0,0,0,0 
21,70,31,5,0,36,75,54,1,0,0,0,0 
21,72,30,6,0,35,77,54,1,0,0,0,0 
22,74,31,6,0,35,79,54,1,0,0,0,0 
22,75,31,6,1,34,80,54,1,0,0,0,0 
22,77,31,7,1,33,80,53,1,0,0,0,0 
22,77,30,7,1,33,81,54,1,0,0,0,0 
22,77,30,8,1,33,81,55,1,0,0,0,0 
22,76,29,9,1,33,80,56,1,0,0,0,0 
23,77,29,10,1,33,79,55,1,0,0,0,0 
24,76,29,10,1,34,79,54,1,0,0,0,0 
25,76,29,10,1,35,78,55,1,0,0,0,0 
26,76,29,10,2,37,78,55,1,0,0,0,0 
27,75,28,11,2,39,78,54,1,0,0,0,0 
27,74,28,11,2,40,78,52,1,0,0,0,0 
28,74,28,11,3,41,79,53,1,0,0,0,0 
28,73,28,11,3,42,79,53,1,0,0,0,0 
27,73,29,11,3,44,79,53,1,0,0,0,0 
27,73,29,12,3,45,79,53,1,0,0,0,0 
27,72,29,11,3,46,78,52,1,0,0,0,0 
26,71,29,11,3,47,78,51,1,0,0,0,0 
26,69,30,11,3,48,78,50,1,0,0,0,0 
26,68,30,10,3,48,78,49,1,0,0,0,0 
26,66,31,10,3,47,79,49,1,0,0,0,0 
26,66,32,9,3,47,80,50,1,0,0,0,0 
27,66,33,8,3,47,82,50,1,0,0,0,0 
26,66,34,8,3,47,82,52,1,0,0,0,0 
26,67,34,8,3,46,82,52,1,0,0,0,0 
26,67,35,7,2,44,81,53,1,0,0,0,0 
27,68,35,7,2,43,80,55,1,0,0,0,0 
27,69,36,7,2,42,80,57,1,0,0,0,0 
27,70,37,7,1,41,79,58,1,0,0,0,0 
28,71,37,7,1,40,79,60,1,0,0,0,0 
28,71,36,7,1,40,79,61,1,0,0,0,0 
28,70,36,6,1,38,78,62,1,0,0,0,0 
29,70,35,6,1,39,77,63,1,0,0,0,0 
30,70,34,6,1,39,77,64,1,0,0,0,0 
31,70,34,7,1,39,76,65,1,0,0,0,0 
31,71,33,7,1,39,74,64,1,0,0,0,0 
31,73,33,8,1,40,74,64,1,0,0,0,0 
32,75,32,9,1,40,73,65,1,0,0,0,0 
32,76,32,9,1,40,73,65,1,0,0,0,0 
32,77,32,10,1,40,74,66,1,0,0,0,0 
32,78,31,11,1,40,74,65,1,0,0,0,0 
31,79,31,11,1,41,75,64,1,0,0,0,0 
31,79,30,11,1,41,74,64,1,0,0,0,0 
30,77,29,11,1,41,73,62,1,0,0,0,0 
30,76,29,11,1,41,71,60,1,0,0,0,0 
29,76,28,11,1,42,70,60,1,0,0,0,0 
29,75,28,11,0,42,68,59,1,0,0,0,0 
29,73,27,11,0,44,67,58,1,0,0,0,0 
29,73,26,12,0,44,66,58,1,0,0,0,0 
28,72,25,11,0,45,65,58,1,0,0,0,0 
28,72,24,11,0,45,66,58,1,0,0,0,0 
27,72,24,10,0,45,66,58,1,0,0,0,0 
26,72,23,10,0,45,66,57,1,0,0,0,0 
26,72,23,9,0,45,65,56,1,0,0,0,0 
25,70,23,9,0,46,64,54,1,0,0,0,0 
25,69,23,8,0,45,62,53,1,0,0,0,0 
24,69,23,8,0,45,62,53,1,0,0,0,0 
24,68,23,8,0,43,61,52,1,0,0,0,0 
25,67,23,8,0,42,61,51,1,0,0,0,0 
25,67,24,7,0,41,61,50,1,0,0,0,0 
25,66,23,7,0,42,60,49,1,0,0,0,0 
25,65,24,8,0,42,59,47,1,0,0,0,0 
26,66,24,8,0,42,59,46,1,0,0,0,0 
26,67,23,8,0,41,58,46,1,0,0,0,0 
26,67,24,9,0,40,58,47,1,0,0,0,0 
26,67,24,9,0,39,57,47,1,0,0,0,0 
27,68,24,9,0,38,57,47,1,0,0,0,0 
28,68,25,9,0,38,57,47,1,0,0,0,0 
29,68,25,10,0,38,56,47,1,0,0,0,0 
30,69,25,10,0,38,56,48,1,0,0,0,0 
31,70,25,10,0,39,57,49,1,0,0,0,0 
32,70,25,10,0,41,59,51,1,0,0,0,0 
32,69,24,10,0,41,60,51,1,0,0,0,0 
32,68,24,10,0,42,60,52,1,0,0,0,0 
31,68,24,10,0,43,60,53,1,0,0,0,0 
31,69,24,10,0,44,61,55,1,0,0,0,0 
31,71,24,9,0,44,63,55,1,0,0,0,0 
30,71,25,8,0,44,64,55,1,0,0,0,0 
30,70,25,8,0,44,64,57,1,0,0,0,0 
29,70,26,8,1,44,65,57,1,0,0,0,0 
29,70,27,8,1,44,64,57,1,0,0,0,0 
29,72,28,8,1,44,64,57,1,0,0,0,0 
29,72,29,8,1,44,65,57,1,0,0,0,0 
29,72,29,8,1,44,66,58,1,0,0,0,0 
28,72,29,8,1,45,67,59,1,0,0,0,0 
27,72,29,8,1,44,67,58,1,0,0,0,0 
27,71,29,8,1,43,67,57,1,0,0,0,0 
27,72,30,8,0,44,66,56,1,0,0,0,0 
27,72,29,8,0,44,65,55,1,0,0,0,0 
27,72,29,8,0,44,64,53,1,0,0,0,0 
28,71,28,8,0,43,63,51,1,0,0,0,0 
28,71,27,8,0,43,63,49,1,0,0,0,0 
28,71,27,8,0,42,63,49,1,0,0,0,0 
29,72,27,8,0,42,64,51,1,0,0,0,0 
30,72,27,8,0,42,66,51,1,0,0,0,0 
30,73,27,7,0,43,67,51,1,0,0,0,0 
30,72,26,7,0,44,69,51,1,0,0,0,0 
30,72,24,6,0,45,69,50,1,0,0,0,0 
30,73,23,6,0,46,69,51,1,0,0,0,0 
30,73,22,5,0,46,68,52,1,0,0,0,0 
29,72,21,5,0,46,67,53,1,0,0,0,0 
29,72,21,4,0,46,66,53,1,0,0,0,0 
29,72,21,4,0,46,65,54,1,0,0,0,0 
28,73,21,4,0,45,64,55,1,0,0,0,0 
27,73,22,4,0,45,64,55,1,0,0,0,0 
26,74,23,4,0,46,64,56,1,0,0,0,0 
25,75,24,5,0,48,64,58,1,0,0,0,0 
24,75,25,6,0,49,64,61,1,0,0,0,0 
23,75,26,6,0,50,63,62,1,0,0,0,0 
23,75,26,7,0,51,61,63,1,0,0,0,0 
22,75,27,7,0,50,58,64,1,0,0,0,0 
22,75,27,8,0,49,57,65,1,0,0,0,0 
22,74,29,8,0,48,56,66,1,0,0,0,0 
21,73,30,9,0,47,57,67,1,0,0,0,0 
21,72,32,9,0,47,57,67,1,0,0,0,0 
22,71,33,9,0,47,58,66,1,0,0,0,0 
22,70,33,9,0,47,59,65,1,0,0,0,0 
23,69,35,9,0,48,60,64,1,0,0,0,0 
24,69,35,9,0,48,60,63,1,0,0,0,0 
25,68,36,9,0,48,61,62,1,0,0,0,0 
25,68,36,9,0,47,60,62,1,0,0,0,0 
26,67,35,8,0,44,60,62,1,0,0,0,0 
27,66,35,7,0,42,58,61,1,0,0,0,0 
28,66,34,7,0,40,57,60,1,0,0,0,0 
30,66,34,6,0,39,57,59,1,0,0,0,0 
31,66,33,6,0,38,57,56,1,0,0,0,0 
32,66,33,6,0,38,58,54,1,0,0,0,0 
32,67,32,6,0,38,58,51,1,0,0,0,0 
33,68,31,6,0,38,58,50,1,0,0,0,0 
34,68,29,6,0,38,57,49,1,0,0,0,0 
35,69,29,6,0,38,55,48,1,0,0,0,0 
35,69,28,7,0,38,53,48,1,0,0,0,0 
35,70,29,7,0,38,52,48,1,0,0,0,0 
36,70,28,7,0,38,53,49,1,0,0,0,0 
36,70,28,7,0,38,54,51,1,0,0,0,0 
37,70,29,7,0,39,55,54,1,0,0,0,0 
38,71,29,7,0,42,57,55,1,0,0,0,0 
40,71,30,8,0,44,59,56,1,0,0,0,0 
41,73,30,8,0,46,61,57,1,0,0,0,0 
41,73,30,8,0,47,62,57,1,0,0,0,0 
40,73,31,7,0,48,62,58,1,0,0,0,0 
39,73,32,7,0,49,62,58,1,0,0,0,0 
39,72,32,7,0,49,61,59,1,0,0,0,0 
38,71,33,7,0,49,60,59,1,0,0,0,0 
38,71,34,7,0,50,60,59,1,0,0,0,0 
37,71,34,8,0,50,60,58,1,0,0,0,0 
36,70,34,8,0,51,61,58,1,0,0,0,0 
35,70,35,8,0,51,62,57,1,0,0,0,0 
34,70,37,9,0,51,62,56,1,0,0,0,0 
33,69,38,10,1,51,61,56,1,0,0,0,0 
31,70,39,10,1,52,61,54,1,0,0,0,0 
30,70,39,11,1,51,61,52,1,0,0,0,0 
28,70,38,11,1,50,60,50,1,0,0,0,0 
26,70,38,11,1,49,60,49,1,0,0,0,0 
25,70,38,11,1,48,59,47,1,0,0,0,0 
24,70,38,12,2,47,59,45,1,0,0,0,0 
23,70,37,12,2,47,59,44,1,0,0,0,0 
23,69,37,13,2,47,59,43,1,0,0,0,0 
23,70,37,14,1,46,61,42,1,0,0,0,0 
24,71,37,14,1,45,63,43,1,0,0,0,0 
26,71,38,14,1,45,64,43,1,0,0,0,0 
27,72,38,13,1,45,66,45,1,0,0,0,0 
28,73,37,13,2,44,67,46,1,0,0,0,0 
29,73,36,13,2,44,67,47,1,0,0,0,0 
29,73,34,12,2,45,69,49,1,0,0,0,0 
29,74,33,11,2,45,70,50,1,0,0,0,0 
30,73,31,11,2,45,70,51,1,0,0,0,0 
30,72,31,10,2,45,69,52,1,0,0,0,0 
30,72,30,10,2,44,68,54,1,0,0,0,0 
29,71,30,10,2,44,66,55,1,0,0,0,0 
29,70,30,10,2,43,66,56,1,0,0,0,0 
30,70,29,9,2,42,65,58,1,0,0,0,0 
30,71,29,9,2,41,63,59,1,0,0,0,0 
31,72,29,8,2,40,62,59,1,0,0,0,0 
31,71,28,8,2,39,61,59,1,0,0,0,0 
30,71,28,7,2,39,60,58,1,0,0,0,0 
30,70,28,7,2,37,58,56,1,0,0,0,0 
29,69,28,7,2,37,56,54,1,0,0,0,0 
28,69,27,6,2,38,55,52,1,0,0,0,0 
28,68,27,6,1,39,55,50,1,0,0,0,0 
28,68,27,6,1,40,54,49,1,0,0,0,0 
28,67,27,5,1,41,55,48,1,0,0,0,0 
28,68,27,5,1,41,55,47,1,0,0,0,0 
28,69,27,5,0,41,55,45,1,0,0,0,0 
29,71,27,4,0,42,56,43,1,0,0,0,0 
29,72,28,4,0,42,57,42,1,0,0,0,0 
29,73,28,4,0,42,57,41,1,0,0,0,0
