59,55,61,57,20,75,88,84,0,0,1,0,0 
57,54,60,57,20,74,87,83,0,0,1,0,0 
55,53,60,58,20,74,86,82,0,0,1,0,0 
53,51,59,58,20,74,86,82,0,0,1,0,0 
51,50,57,59,20,74,87,81,0,0,1,0,0 
50,50,56,61,19,74,87,81,0,0,1,0,0 
48,51,55,62,19,74,86,80,0,0,1,0,0 
47,52,55,63,19,74,85,79,0,0,1,0,0 
46,53,55,63,20,74,85,78,0,0,1,0,0 
45,54,55,63,20,74,85,77,0,0,1,0,0 
45,55,55,61,19,73,84,76,0,0,1,0,0 
44,56,56,59,19,74,83,77,0,0,1,0,0 
43,57,56,57,19,73,81,78,0,0,1,0,0 
41,58,58,56,18,72,80,79,0,0,1,0,0 
40,59,59,55,18,72,79,81,0,0,1,0,0 
39,60,60,54,18,73,79,82,0,0,1,0,0 
39,61,61,53,18,73,78,83,0,0,1,0,0 
40,62,61,52,18,74,77,83,0,0,1,0,0 
41,63,61,51,18,74,76,84,0,0,1,0,0 
42,64,61,49,18,74,75,83,0,0,1,0,0 
43,66,61,47,19,73,74,82,0,0,1,0,0 
43,67,62,46,18,71,74,80,0,0,1,0,0 
44,68,63,46,18,71,73,80,0,0,1,0,0 
44,68,63,47,18,71,72,79,0,0,1,0,0 
44,70,63,47,18,70,72,79,0,0,1,0,0 
44,71,62,48,18,69,71,80,0,0,1,0,0 
44,73,63,48,18,69,72,80,0,0,1,0,0 
44,75,64,49,17,68,72,80,0,0,1,0,0 
44,77,66,48,16,68,73,79,0,0,1,0,0 
44,77,68,48,17,68,74,78,0,0,1,0,0 
44,78,68,48,17,67,74,78,0,0,1,0,0 
44,78,69,49,17,67,74,77,0,0,1,0,0 
44,79,68,51,17,67,75,77,0,0,1,0,0 
44,79,68,52,17,67,77,78,0,0,1,0,0 
44,79,68,53,18,67,79,78,0,0,1,0,0 
45,78,68,54,18,67,80,78,0,0,1,0,0 
45,77,67,53,18,68,81,80,0,0,1,0,0 
45,75,66,52,18,68,81,81,0,0,1,0,0 
44,74,65,51,18,68,82,83,0,0,1,0,0 
44,73,64,49,17,67,82,83,0,0,1,0,0 
44,71,63,47,17,66,82,84,0,0,1,0,0 
45,70,62,45,17,66,82,84,0,0,1,0,0 
45,69,60,43,17,65,82,84,0,0,1,0,0 
46,67,58,42,17,64,82,85,0,0,1,0,0 
46,67,57,40,17,65,82,86,0,0,1,0,0 
46,66,56,38,15,64,81,87,0,0,1,0,0 
46,67,56,36,14,62,80,88,0,0,1,0,0 
46,66,55,34,14,61,80,88,0,0,1,0,0 
45,66,55,32,13,60,80,89,0,0,1,0,0 
44,66,55,31,13,60,80,89,0,0,1,0,0 
43,66,54,29,12,60,80,89,0,0,1,0,0 
42,67,53,30,12,60,80,89,0,0,1,0,0 
41,66,53,30,11,61,81,88,0,0,1,0,0 
40,66,53,30,12,62,81,88,0,0,1,0,0 
40,67,54,30,12,62,81,86,0,0,1,0,0 
40,67,55,31,12,63,81,86,0,0,1,0,0 
39,67,57,32,13,65,80,86,0,0,1,0,0 
38,67,59,33,14,67,79,86,0,0,1,0,0 
39,68,62,34,13,69,77,85,0,0,1,0,0 
39,67,64,35,13,71,76,85,0,0,1,0,0 
40,68,66,37,13,71,76,84,0,0,1,0,0 
41,67,67,39,14,72,78,83,0,0,1,0,0 
42,67,67,41,15,73,78,82,0,0,1,0,0 
43,67,68,42,15,75,77,81,0,0,1,0,0 
43,67,69,44,16,75,77,79,0,0,1,0,0 
43,67,69,45,17,77,75,78,0,0,1,0,0 
43,66,70,47,18,78,74,78,0,0,1,0,0 
44,66,71,47,19,78,73,77,0,0,1,0,0 
43,67,73,47,20,78,71,76,0,0,1,0,0 
43,67,73,47,21,79,71,76,0,0,1,0,0 
43,67,73,47,22,81,70,76,0,0,1,0,0 
43,66,72,46,22,82,70,75,0,0,1,0,0 
42,65,71,45,22,82,71,74,0,0,1,0,0 
42,64,69,45,23,81,72,73,0,0,1,0,0 
40,64,68,45,23,80,72,73,0,0,1,0,0 
40,64,66,44,23,80,71,72,0,0,1,0,0 
39,64,64,43,23,80,70,73,0,0,1,0,0 
38,64,62,42,23,81,69,74,0,0,1,0,0 
37,63,60,41,22,80,69,74,0,0,1,0,0 
37,63,60,40,22,80,69,75,0,0,1,0,0 
36,63,60,40,21,80,70,77,0,0,1,0,0 
35,63,60,40,21,80,72,77,0,0,1,0,0 
34,63,61,39,20,80,73,78,0,0,1,0,0 
34,63,61,40,19,80,73,79,0,0,1,0,0 
34,63,60,41,18,80,74,80,0,0,1,0,0 
34,64,61,42,16,79,74,81,0,0,1,0,0 
35,65,61,43,15,77,75,83,0,0,1,0,0 
35,67,61,44,14,77,76,85,0,0,1,0,0 
36,68,61,44,13,77,76,87,0,0,1,0,0 
37,70,60,45,12,77,77,88,0,0,1,0,0 
37,71,59,46,11,78,79,89,0,0,1,0,0 
36,70,60,48,11,79,81,90,0,0,1,0,0 
37,71,59,51,11,80,83,90,0,0,1,0,0 
38,71,59,54,10,79,84,91,0,0,1,0,0 
38,71,58,55,10,79,85,91,0,0,1,0,0 
39,71,56,57,10,78,86,92,0,0,1,0,0 
39,72,55,57,10,76,86,92,0,0,1,0,0 
41,73,55,58,10,74,87,92,0,0,1,0,0 
42,73,53,60,10,72,87,92,0,0,1,0,0 
42,74,53,60,10,70,88,92,0,0,1,0,0 
43,75,53,61,9,69,87,92,0,0,1,0,0 
44,74,53,61,9,68,87,91,0,0,1,0,0 
44,72,54,61,10,67,87,90,0,0,1,0,0 
43,70,55,62,10,66,86,89,0,0,1,0,0 
44,68,56,63,11,64,84,88,0,0,1,0,0 
44,66,57,64,12,62,82,88,0,0,1,0,0 
44,65,57,64,12,61,80,87,0,0,1,0,0 
44,63,58,62,12,59,78,86,0,0,1,0,0 
43,63,60,60,12,59,75,84,0,0,1,0,0 
42,62,61,58,12,60,73,83,0,0,1,0,0 
41,63,63,57,13,60,70,82,0,0,1,0,0 
40,64,65,56,13,61,67,81,0,0,1,0,0 
39,63,66,55,13,61,64,80,0,0,1,0,0 
38,62,66,53,14,62,62,79,0,0,1,0,0 
38,62,68,51,14,63,60,79,0,0,1,0,0 
37,62,69,49,14,63,60,78,0,0,1,0,0 
37,63,70,47,14,63,60,77,0,0,1,0,0 
36,65,71,45,15,63,59,75,0,0,1,0,0 
35,67,71,44,14,63,58,73,0,0,1,0,0 
33,69,71,42,14,62,59,71,0,0,1,0,0 
31,72,71,39,14,62,59,70,0,0,1,0,0 
30,73,71,36,13,62,59,70,0,0,1,0,0 
29,76,72,34,13,62,59,70,0,0,1,0,0 
30,78,71,32,13,61,59,71,0,0,1,0,0 
29,79,69,30,13,61,61,72,0,0,1,0,0 
29,80,68,29,13,61,62,73,0,0,1,0,0 
29,80,67,28,12,62,62,72,0,0,1,0,0 
30,81,66,28,12,63,64,72,0,0,1,0,0 
30,81,65,29,11,63,65,71,0,0,1,0,0 
30,81,63,30,11,65,66,71,0,0,1,0,0 
30,80,61,31,10,65,67,70,0,0,1,0,0 
30,78,58,32,9,65,67,70,0,0,1,0,0 
30,76,56,32,9,66,68,71,0,0,1,0,0 
30,74,53,33,8,66,68,72,0,0,1,0,0 
31,72,50,33,8,67,68,74,0,0,1,0,0 
32,70,48,33,7,68,68,76,0,0,1,0,0 
33,67,46,33,7,68,68,77,0,0,1,0,0 
34,64,44,33,7,68,69,78,0,0,1,0,0 
34,61,43,33,7,69,70,79,0,0,1,0,0 
34,60,43,33,7,68,71,80,0,0,1,0,0 
34,58,42,33,6,67,70,80,0,0,1,0,0 
34,56,41,32,5,66,69,80,0,0,1,0,0 
33,54,41,32,5,65,69,81,0,0,1,0,0 
33,53,41,30,4,65,69,82,0,0,1,0,0 
33,52,40,29,4,64,70,83,0,0,1,0,0 
34,52,41,27,4,63,69,84,0,0,1,0,0 
34,51,42,26,4,63,67,84,0,0,1,0,0 
35,50,42,26,5,63,67,85,0,0,1,0,0 
36,49,44,26,6,63,66,85,0,0,1,0,0 
36,50,45,27,7,64,66,85,0,0,1,0,0 
36,51,47,28,8,66,66,86,0,0,1,0,0 
36,53,48,29,9,67,67,86,0,0,1,0,0 
36,55,49,29,10,68,67,87,0,0,1,0,0 
36,57,49,29,10,68,67,87,0,0,1,0,0 
36,58,48,30,10,69,68,88,0,0,1,0,0 
36,58,47,31,10,70,67,88,0,0,1,0,0 
36,59,47,32,11,71,67,88,0,0,1,0,0 
36,60,48,34,11,72,69,88,0,0,1,0,0 
37,61,47,34,11,73,70,88,0,0,1,0,0 
38,62,49,35,11,74,71,88,0,0,1,0,0 
38,63,50,35,11,74,72,87,0,0,1,0,0 
40,64,50,36,11,74,73,87,0,0,1,0,0 
41,64,50,37,11,74,74,86,0,0,1,0,0 
42,66,50,38,10,73,75,86,0,0,1,0,0 
41,67,49,38,9,71,77,85,0,0,1,0,0 
42,67,48,38,8,70,78,84,0,0,1,0,0 
42,66,46,38,7,69,79,84,0,0,1,0,0 
43,64,45,38,6,68,80,83,0,0,1,0,0 
43,63,44,38,5,67,81,82,0,0,1,0,0 
43,62,44,38,5,66,81,81,0,0,1,0,0 
43,62,44,38,4,65,82,80,0,0,1,0,0 
43,62,45,38,4,63,83,79,0,0,1,0,0 
42,62,46,36,4,62,85,78,0,0,1,0,0 
42,61,46,37,4,61,86,78,0,0,1,0,0 
42,60,46,37,4,59,86,78,0,0,1,0,0 
41,58,46,38,4,56,86,78,0,0,1,0,0 
41,58,45,39,4,54,85,79,0,0,1,0,0 
40,58,45,40,5,53,84,79,0,0,1,0,0 
39,59,44,40,5,53,83,80,0,0,1,0,0 
37,59,44,39,5,53,83,80,0,0,1,0,0 
36,59,44,37,5,52,82,81,0,0,1,0,0 
35,60,45,36,5,51,81,82,0,0,1,0,0 
34,62,46,36,5,52,80,82,0,0,1,0,0 
34,63,48,36,5,51,80,83,0,0,1,0,0 
33,65,49,36,6,51,78,84,0,0,1,0,0 
33,67,51,37,6,50,77,84,0,0,1,0,0 
34,68,52,38,6,50,75,85,0,0,1,0,0 
34,69,53,39,6,50,74,86,0,0,1,0,0 
35,69,54,40,6,50,71,86,0,0,1,0,0 
35,70,55,40,6,50,69,86,0,0,1,0,0 
34,70,55,40,5,49,67,85,0,0,1,0,0 
34,70,55,40,5,49,65,85,0,0,1,0,0 
33,69,55,40,5,49,64,85,0,0,1,0,0 
33,69,56,40,5,49,64,85,0,0,1,0,0 
33,68,57,40,5,48,64,85,0,0,1,0,0 
35,66,59,40,5,48,64,85,0,0,1,0,0 
37,65,60,40,5,48,64,83,0,0,1,0,0 
40,62,63,41,4,49,64,82,0,0,1,0,0 
43,60,64,42,4,50,65,80,0,0,1,0,0 
45,59,64,42,4,50,65,78,0,0,1,0,0 
47,57,65,42,3,50,67,77,0,0,1,0,0 
47,55,66,42,3,49,67,76,0,0,1,0,0 
48,53,66,41,2,49,68,74,0,0,1,0,0 
49,51,65,40,3,48,69,73,0,0,1,0,0 
49,49,65,39,3,48,70,73,0,0,1,0,0 
50,49,63,38,3,48,72,73,0,0,1,0,0 
51,50,63,37,3,48,73,74,0,0,1,0,0 
52,51,64,36,3,49,75,74,0,0,1,0,0 
53,53,64,34,3,49,76,74,0,0,1,0,0 
53,53,64,33,3,49,76,73,0,0,1,0,0 
52,54,64,33,4,51,76,72,0,0,1,0,0 
50,56,63,33,5,51,76,72,0,0,1,0,0 
48,58,61,32,6,52,75,73,0,0,1,0,0 
45,59,59,32,7,52,73,75,0,0,1,0,0 
42,59,58,31,7,53,72,77,0,0,1,0,0 
40,59,58,31,8,53,72,80,0,0,1,0,0 
38,61,56,30,8,54,71,80,0,0,1,0,0 
37,62,56,31,9,56,71,81,0,0,1,0,0 
36,63,56,31,9,57,70,81,0,0,1,0,0 
35,64,56,30,9,59,71,81,0,0,1,0,0 
34,64,57,31,9,61,71,81,0,0,1,0,0 
34,64,58,32,9,63,71,80,0,0,1,0,0 
33,65,57,34,9,65,71,79,0,0,1,0,0 
32,64,58,35,9,66,71,78,0,0,1,0,0 
32,63,58,36,10,67,72,77,0,0,1,0,0 
32,62,58,37,10,68,73,77,0,0,1,0,0 
33,62,58,38,10,69,74,77,0,0,1,0,0 
33,63,59,38,9,69,75,78,0,0,1,0,0 
33,64,58,38,8,69,76,78,0,0,1,0,0 
33,66,58,37,8,68,76,78,0,0,1,0,0 
34,67,58,37,8,67,77,78,0,0,1,0,0 
36,69,58,36,8,67,77,77,0,0,1,0,0 
37,69,57,36,7,66,77,78,0,0,1,0,0 
37,69,56,36,7,66,77,79,0,0,1,0,0 
37,69,55,36,7,66,78,80,0,0,1,0,0 
37,69,54,36,7,65,79,81,0,0,1,0,0 
36,69,53,36,7,65,79,82,0,0,1,0,0 
35,68,51,34,7,64,80,83,0,0,1,0,0 
34,66,50,32,6,63,80,82,0,0,1,0,0 
33,66,48,31,6,63,80,82,0,0,1,0,0 
32,66,47,29,5,64,79,84,0,0,1,0,0 
31,66,45,28,5,64,78,84,0,0,1,0,0 
29,65,43,27,5,65,77,85,0,0,1,0,0 
28,63,41,26,5,65,77,85,0,0,1,0,0 
27,61,40,25,5,66,76,84,0,0,1,0,0 
26,57,39,25,5,65,75,84,0,0,1,0,0 
24,55,38,25,5,64,74,83,0,0,1,0,0 
23,53,37,26,5,64,73,82,0,0,1,0,0 
22,53,37,27,5,64,72,80,0,0,1,0,0 
21,52,37,26,4,63,71,79,0,0,1,0,0 
22,52,36,25,4,64,71,78,0,0,1,0,0 
22,53,36,25,5,64,71,77,0,0,1,0,0 
22,53,35,24,5,65,71,77,0,0,1,0,0 
22,53,34,24,6,65,69,77,0,0,1,0,0 
22,53,35,25,6,65,69,78,0,0,1,0,0 
23,53,36,27,8,63,68,78,0,0,1,0,0 
23,53,37,28,8,62,68,79,0,0,1,0,0 
24,53,38,29,9,60,68,79,0,0,1,0,0 
24,54,39,30,9,59,68,78,0,0,1,0,0 
25,55,40,31,10,58,69,78,0,0,1,0,0 
26,56,42,32,10,57,69,77,0,0,1,0,0 
27,58,44,32,10,56,70,76,0,0,1,0,0 
28,58,45,32,10,56,72,76,0,0,1,0,0 
29,59,46,32,10,56,72,76,0,0,1,0,0 
30,58,46,33,10,56,73,76,0,0,1,0,0 
30,57,47,34,11,57,74,76,0,0,1,0,0 
30,58,48,34,12,57,73,77,0,0,1,0,0 
31,57,49,35,12,58,73,77,0,0,1,0,0 
31,57,50,35,12,59,73,77,0,0,1,0,0 
31,57,50,35,12,59,73,77,0,0,1,0,0 
32,58,49,35,12,60,73,76,0,0,1,0,0 
32,59,48,35,11,61,73,76,0,0,1,0,0 
32,60,47,35,10,62,74,76,0,0,1,0,0 
32,59,47,35,10,63,73,76,0,0,1,0,0 
32,58,48,34,9,64,74,77,0,0,1,0,0 
32,57,49,34,9,65,73,77,0,0,1,0,0 
31,56,49,34,9,66,74,78,0,0,1,0,0 
32,56,49,34,10,68,73,80,0,0,1,0,0 
31,57,50,34,10,69,72,81,0,0,1,0,0 
31,57,51,33,10,70,71,82,0,0,1,0,0 
32,58,51,33,11,71,69,83,0,0,1,0,0 
32,59,52,32,10,72,67,84,0,0,1,0,0 
33,60,53,31,10,72,66,83,0,0,1,0,0 
35,61,54,31,9,72,65,83,0,0,1,0,0 
37,62,56,31,9,72,64,83,0,0,1,0,0 
38,62,57,32,9,72,63,83,0,0,1,0,0 
39,62,58,33,9,72,64,84,0,0,1,0,0 
40,61,60,33,9,73,65,83,0,0,1,0,0 
42,60,61,34,9,74,66,82,0,0,1,0,0 
42,61,63,34,9,75,66,80,0,0,1,0,0 
44,62,64,35,8,74,65,79,0,0,1,0,0 
45,63,64,36,8,74,64,77,0,0,1,0,0 
46,64,65,37,7,75,63,76,0,0,1,0,0 
46,65,65,38,6,75,64,73,0,0,1,0,0 
47,65,65,38,5,75,64,71,0,0,1,0,0 
47,64,65,39,4,75,65,70,0,0,1,0,0 
47,64,65,40,4,74,67,68,0,0,1,0,0 
47,64,64,41,3,75,69,67,0,0,1,0,0 
47,62,63,41,3,75,70,67,0,0,1,0,0 
47,61,61,40,3,75,71,67,0,0,1,0,0 
47,60,60,41,3,74,71,67,0,0,1,0,0 
46,60,60,41,3,72,72,66,0,0,1,0,0 
46,61,61,41,3,71,72,65,0,0,1,0,0 
46,62,62,40,3,69,72,66,0,0,1,0,0 
47,63,62,40,3,66,73,66,0,0,1,0,0 
47,63,63,40,4,64,74,68,0,0,1,0,0 
47,63,63,40,4,63,76,69,0,0,1,0,0 
47,62,64,40,4,63,78,71,0,0,1,0,0 
47,61,63,39,5,63,79,72,0,0,1,0,0 
47,61,63,38,6,64,79,72,0,0,1,0,0 
47,62,64,38,8,64,80,72,0,0,1,0,0 
47,63,63,38,9,64,81,72,0,0,1,0,0 
47,64,64,38,10,63,82,71,0,0,1,0,0 
47,65,65,38,11,63,82,71,0,0,1,0,0 
47,66,67,39,11,63,81,72,0,0,1,0,0 
48,67,68,40,12,63,81,73,0,0,1,0,0 
48,68,69,40,12,62,82,73,0,0,1,0,0 
48,69,69,42,12,63,82,75,0,0,1,0,0 
48,69,69,42,13,64,82,75,0,0,1,0,0 
48,70,68,44,13,66,82,75,0,0,1,0,0 
47,71,66,43,13,69,82,75,0,0,1,0,0 
47,71,65,43,13,72,81,76,0,0,1,0,0 
47,71,63,42,14,74,81,76,0,0,1,0,0 
47,71,62,42,14,75,80,76,0,0,1,0,0 
47,71,62,42,13,75,81,77,0,0,1,0,0 
47,70,61,42,12,76,81,78,0,0,1,0,0 
47,69,60,42,12,77,81,79,0,0,1,0,0 
47,69,59,42,12,78,81,80,0,0,1,0,0 
47,69,58,42,11,79,82,81,0,0,1,0,0 
46,69,56,43,11,79,82,81,0,0,1,0,0 
45,69,53,42,11,79,83,80,0,0,1,0,0 
44,69,52,41,11,80,83,80,0,0,1,0,0 
42,70,51,40,11,81,83,79,0,0,1,0,0 
41,71,50,38,11,81,83,78,0,0,1,0,0 
40,72,49,36,11,81,82,78,0,0,1,0,0 
39,72,49,36,11,80,81,78,0,0,1,0,0 
38,71,50,35,10,80,80,78,0,0,1,0,0 
37,71,50,35,10,79,79,77,0,0,1,0,0 
36,70,50,35,10,77,78,76,0,0,1,0,0 
37,70,50,35,9,77,78,76,0,0,1,0,0 
36,71,49,34,9,76,77,75,0,0,1,0,0 
36,70,48,34,8,76,75,74,0,0,1,0,0 
35,70,48,33,7,75,74,74,0,0,1,0,0 
35,69,48,32,6,75,74,74,0,0,1,0,0 
34,68,48,32,6,74,73,74,0,0,1,0,0 
33,67,48,31,5,75,73,73,0,0,1,0,0 
33,67,49,31,5,74,72,70,0,0,1,0,0 
34,67,50,32,5,74,72,68,0,0,1,0,0 
35,66,51,32,4,74,72,67,0,0,1,0,0 
36,66,52,33,5,73,72,66,0,0,1,0,0 
38,64,54,33,5,72,73,64,0,0,1,0,0 
39,63,54,33,6,71,73,63,0,0,1,0,0 
39,62,54,32,6,70,74,61,0,0,1,0,0 
40,62,53,32,7,69,75,60,0,0,1,0,0 
41,62,53,31,7,69,77,60,0,0,1,0,0 
41,62,53,30,8,69,78,61,0,0,1,0,0 
41,62,53,30,8,68,80,62,0,0,1,0,0 
42,63,53,29,9,67,82,62,0,0,1,0,0 
44,63,54,29,9,67,83,62,0,0,1,0,0 
45,64,55,29,9,65,83,63,0,0,1,0,0 
46,65,56,30,10,64,82,64,0,0,1,0,0 
48,66,57,31,10,62,82,66,0,0,1,0,0 
49,67,59,31,11,61,83,67,0,0,1,0,0 
48,66,59,31,10,60,84,68,0,0,1,0,0 
48,66,59,31,10,60,84,70,0,0,1,0,0 
46,65,58,31,10,59,83,72,0,0,1,0,0 
45,65,57,31,9,59,82,74,0,0,1,0,0 
44,65,56,31,9,60,80,76,0,0,1,0,0 
42,66,56,31,8,60,78,77,0,0,1,0,0 
41,65,57,30,8,62,76,78,0,0,1,0,0 
40,64,58,31,8,62,75,79,0,0,1,0,0 
39,64,60,31,8,62,73,80,0,0,1,0,0 
39,62,61,32,8,63,72,79,0,0,1,0,0 
37,62,62,34,8,63,71,79,0,0,1,0,0 
35,61,62,35,9,62,71,79,0,0,1,0,0 
34,59,61,36,10,62,71,79,0,0,1,0,0 
32,56,60,37,10,61,72,79,0,0,1,0,0 
31,54,59,38,11,62,73,80,0,0,1,0,0 
30,51,57,38,11,62,74,81,0,0,1,0,0 
30,49,56,37,11,62,73,81,0,0,1,0,0 
29,48,55,38,12,62,73,80,0,0,1,0,0 
30,47,55,38,13,62,74,81,0,0,1,0,0 
30,46,55,38,14,62,76,80,0,0,1,0,0 
30,46,55,39,16,61,77,80,0,0,1,0,0 
30,47,54,40,17,61,78,80,0,0,1,0,0 
30,47,54,41,18,60,80,81,0,0,1,0,0 
31,48,54,41,20,58,81,80,0,0,1,0,0 
31,48,53,42,21,57,82,80,0,0,1,0,0 
32,49,53,43,22,55,83,80,0,0,1,0,0 
32,51,53,43,22,54,83,80,0,0,1,0,0 
33,52,53,42,22,54,82,80,0,0,1,0,0 
35,54,53,42,21,55,81,79,0,0,1,0,0 
36,56,53,42,21,55,79,79,0,0,1,0,0 
37,58,53,41,20,54,77,79,0,0,1,0,0 
37,60,52,42,20,54,76,80,0,0,1,0,0 
38,62,52,43,19,54,75,81,0,0,1,0,0 
38,63,51,44,19,54,75,81,0,0,1,0,0 
38,63,50,45,18,54,74,80,0,0,1,0,0 
39,63,49,45,16,54,73,80,0,0,1,0,0 
40,63,48,44,15,54,71,80,0,0,1,0,0 
41,62,47,44,14,54,71,79,0,0,1,0,0 
41,61,45,43,12,54,70,77,0,0,1,0,0 
41,61,43,42,11,54,68,76,0,0,1,0,0 
40,61,40,42,10,55,66,76,0,0,1,0,0 
39,62,38,41,9,56,65,76,0,0,1,0,0 
39,63,36,41,8,57,64,77,0,0,1,0,0 
37,64,35,41,8,58,64,77,0,0,1,0,0 
36,65,34,41,8,58,65,76,0,0,1,0,0 
35,65,34,41,7,59,66,75,0,0,1,0,0 
35,65,34,40,7,59,66,72,0,0,1,0,0 
35,65,34,39,8,59,66,70,0,0,1,0,0 
36,65,34,39,8,59,67,68,0,0,1,0,0 
36,66,34,38,9,59,68,68,0,0,1,0,0 
36,66,35,39,9,59,69,69,0,0,1,0,0 
36,66,36,40,10,59,69,68,0,0,1,0,0 
36,66,39,41,10,59,71,68,0,0,1,0,0 
35,66,41,42,10,58,71,68,0,0,1,0,0 
35,67,43,43,11,57,72,69,0,0,1,0,0 
35,68,45,44,11,54,74,69,0,0,1,0,0 
36,69,47,44,11,52,75,69,0,0,1,0,0 
37,69,48,44,11,52,75,68,0,0,1,0,0 
38,69,50,44,11,52,75,66,0,0,1,0,0 
39,69,52,43,11,51,75,64,0,0,1,0,0 
40,69,53,43,10,51,74,64,0,0,1,0,0 
40,70,55,43,10,50,74,64,0,0,1,0,0 
39,71,56,43,10,50,74,64,0,0,1,0,0 
38,71,57,42,10,49,73,65,0,0,1,0,0 
38,71,59,42,9,48,72,66,0,0,1,0,0 
37,71,61,41,9,48,71,66,0,0,1,0,0 
37,71,61,39,8,49,71,67,0,0,1,0,0 
37,71,61,37,8,50,72,68,0,0,1,0,0 
38,72,60,35,8,51,73,68,0,0,1,0,0 
38,73,60,33,7,52,74,69,0,0,1,0,0 
38,74,60,32,7,54,74,70,0,0,1,0,0 
39,73,61,31,7,56,73,69,0,0,1,0,0 
39,72,62,30,6,57,73,70,0,0,1,0,0 
39,71,62,30,6,58,73,71,0,0,1,0,0 
39,71,62,29,6,58,73,72,0,0,1,0,0 
39,70,61,28,5,58,73,74,0,0,1,0,0 
39,68,61,28,5,58,73,75,0,0,1,0,0 
40,66,61,27,5,59,74,77,0,0,1,0,0 
40,65,61,26,5,59,74,79,0,0,1,0,0 
42,64,61,26,4,61,75,80,0,0,1,0,0 
43,64,60,25,4,62,75,81,0,0,1,0,0 
44,63,59,26,5,63,74,81,0,0,1,0,0 
45,62,58,26,5,64,74,82,0,0,1,0,0 
45,61,58,27,6,64,74,82,0,0,1,0,0 
46,60,59,29,6,65,74,83,0,0,1,0,0 
47,60,58,30,7,65,73,83,0,0,1,0,0 
48,60,56,31,9,65,73,84,0,0,1,0,0 
48,60,55,32,10,65,73,85,0,0,1,0,0 
48,60,54,32,12,65,73,85,0,0,1,0,0 
48,60,53,32,13,64,72,85,0,0,1,0,0 
48,60,53,33,13,64,72,86,0,0,1,0,0 
48,59,53,34,14,63,73,86,0,0,1,0,0 
47,60,52,35,15,62,74,87,0,0,1,0,0 
47,61,52,37,16,61,74,87,0,0,1,0,0 
47,61,52,38,16,61,75,87,0,0,1,0,0 
45,63,52,38,17,59,76,86,0,0,1,0,0 
44,64,52,38,18,58,77,85,0,0,1,0,0 
42,65,52,38,18,55,77,84,0,0,1,0,0 
41,65,52,37,18,54,76,83,0,0,1,0,0 
41,66,52,36,18,53,75,82,0,0,1,0,0 
41,66,52,35,19,52,76,81,0,0,1,0,0 
42,65,52,34,18,51,75,80,0,0,1,0,0 
43,64,51,35,18,51,75,79,0,0,1,0,0 
43,63,51,35,17,52,74,79,0,0,1,0,0 
44,63,50,35,17,53,75,78,0,0,1,0,0 
44,63,50,36,17,55,76,79,0,0,1,0,0 
44,64,49,36,17,57,77,78,0,0,1,0,0 
46,64,49,38,18,59,77,79,0,0,1,0,0 
48,63,50,38,18,60,77,79,0,0,1,0,0 
49,62,50,39,18,63,78,79,0,0,1,0,0 
49,62,52,39,19,64,77,78,0,0,1,0,0 
50,61,53,40,18,67,76,79,0,0,1,0,0 
50,60,55,41,18,69,75,79,0,0,1,0,0 
51,61,55,42,18,71,74,79,0,0,1,0,0 
51,62,56,42,17,71,74,79,0,0,1,0,0 
50,63,55,43,16,71,73,79,0,0,1,0,0 
49,64,54,43,16,71,73,80,0,0,1,0,0 
47,65,53,43,15,72,73,81,0,0,1,0,0 
45,66,53,43,14,73,71,81,0,0,1,0,0 
44,66,53,43,13,73,71,80,0,0,1,0,0 
43,67,53,43,13,72,71,79,0,0,1,0,0 
42,67,53,43,12,70,71,77,0,0,1,0,0 
41,66,53,44,12,69,71,77,0,0,1,0,0 
39,66,53,43,11,67,70,76,0,0,1,0,0 
36,67,52,43,10,67,69,76,0,0,1,0,0 
34,67,51,42,10,66,67,75,0,0,1,0,0 
32,66,49,42,10,64,66,76,0,0,1,0,0 
31,67,46,42,9,63,66,76,0,0,1,0,0 
30,67,44,41,9,61,66,77,0,0,1,0,0 
29,66,42,41,9,59,67,77,0,0,1,0,0 
28,64,40,40,9,60,68,77,0,0,1,0,0 
27,64,39,40,9,59,69,78,0,0,1,0,0 
27,63,38,39,10,59,70,77,0,0,1,0,0 
27,62,38,38,10,59,70,77,0,0,1,0,0 
27,61,37,37,10,58,71,77,0,0,1,0,0 
26,61,37,36,10,57,72,78,0,0,1,0,0 
26,61,38,35,10,56,72,79,0,0,1,0,0 
26,60,38,33,10,55,73,81,0,0,1,0,0 
26,61,40,32,9,55,73,81,0,0,1,0,0 
27,61,40,32,9,55,73,81,0,0,1,0,0 
27,61,41,31,9,55,74,81,0,0,1,0,0 
28,61,43,30,9,54,75,80,0,0,1,0,0 
28,62,44,29,8,54,76,79,0,0,1,0,0 
29,62,46,28,9,55,77,77,0,0,1,0,0 
29,61,49,28,9,55,78,76,0,0,1,0,0 
30,61,51,29,9,57,78,76,0,0,1,0,0 
30,61,53,29,10,58,78,77,0,0,1,0,0 
30,60,56,30,10,58,77,77,0,0,1,0,0 
29,60,59,31,10,59,77,77,0,0,1,0,0 
29,60,61,32,11,60,77,78,0,0,1,0,0 
29,60,63,34,11,61,77,78,0,0,1,0,0 
28,58,63,35,11,62,76,78,0,0,1,0,0 
28,57,63,35,11,64,75,78,0,0,1,0,0 
28,57,63,36,11,67,73,78,0,0,1,0,0 
29,57,64,36,11,68,73,79,0,0,1,0,0 
29,57,64,36,11,68,72,81,0,0,1,0,0 
29,56,65,37,10,69,72,82,0,0,1,0,0 
29,55,65,39,10,70,72,84,0,0,1,0,0 
30,55,65,40,10,70,73,85,0,0,1,0,0 
30,56,65,40,10,69,74,87,0,0,1,0,0 
30,56,63,40,9,68,73,87,0,0,1,0,0 
30,57,62,40,9,67,73,88,0,0,1,0,0 
31,58,61,40,8,67,72,89,0,0,1,0,0 
31,58,58,40,7,67,73,89,0,0,1,0,0 
31,57,56,39,7,68,73,90,0,0,1,0,0 
31,56,54,38,6,67,73,89,0,0,1,0,0 
30,57,53,36,6,66,73,88,0,0,1,0,0 
30,58,52,35,5,65,72,87,0,0,1,0,0 
30,58,52,34,5,64,71,86,0,0,1,0,0 
29,59,50,34,5,62,71,84,0,0,1,0,0 
28,59,50,35,4,62,71,83,0,0,1,0,0 
28,60,49,35,4,61,71,82,0,0,1,0,0 
27,60,47,34,4,61,72,81,0,0,1,0,0 
26,61,45,34,4,60,72,80,0,0,1,0,0 
25,60,44,34,3,60,71,79,0,0,1,0,0 
24,59,43,33,3,61,69,78,0,0,1,0,0 
23,58,42,33,2,62,68,78,0,0,1,0,0 
22,58,42,32,2,62,68,78,0,0,1,0,0 
21,58,43,32,2,62,69,78,0,0,1,0,0 
22,59,44,32,1,62,69,76,0,0,1,0,0 
22,61,45,32,1,63,70,74,0,0,1,0,0 
23,62,46,32,1,64,71,73,0,0,1,0,0 
23,63,47,32,1,65,73,73,0,0,1,0,0 
24,63,47,32,1,66,75,74,0,0,1,0,0 
24,64,47,32,1,68,77,75,0,0,1,0,0 
25,63,47,32,1,69,78,76,0,0,1,0,0 
26,63,46,31,1,69,78,77,0,0,1,0,0 
26,62,45,30,1,71,78,77,0,0,1,0,0 
27,62,45,29,2,72,77,78,0,0,1,0,0 
27,62,45,28,3,73,78,77,0,0,1,0,0 
28,62,45,27,3,73,79,78,0,0,1,0,0 
28,62,44,27,4,73,80,78,0,0,1,0,0 
28,62,45,26,4,74,82,77,0,0,1,0,0 
28,63,45,25,5,74,82,75,0,0,1,0,0 
29,64,45,25,5,73,83,74,0,0,1,0,0 
28,63,44,24,6,72,83,74,0,0,1,0,0 
28,62,44,24,6,70,82,75,0,0,1,0,0 
28,61,44,23,6,68,80,75,0,0,1,0,0 
27,59,44,23,6,67,79,76,0,0,1,0,0 
27,56,44,23,6,66,77,77,0,0,1,0,0 
27,54,45,23,6,65,75,77,0,0,1,0,0 
27,53,46,22,7,65,74,77,0,0,1,0,0 
26,52,47,22,7,65,73,77,0,0,1,0,0 
26,50,49,22,7,63,72,77,0,0,1,0,0 
25,49,50,22,6,61,70,77,0,0,1,0,0 
25,48,51,21,6,60,69,78,0,0,1,0,0 
25,47,51,21,6,59,67,79,0,0,1,0,0 
26,47,52,20,5,58,66,79,0,0,1,0,0 
27,47,52,20,5,56,64,80,0,0,1,0,0 
28,46,52,21,5,55,62,82,0,0,1,0,0 
29,45,52,22,6,55,62,83,0,0,1,0,0 
29,44,52,23,6,55,61,85,0,0,1,0,0 
29,45,51,24,6,55,62,84,0,0,1,0,0 
30,47,51,25,6,55,62,84,0,0,1,0,0 
31,48,50,25,7,54,61,84,0,0,1,0,0 
31,49,49,25,9,55,62,84,0,0,1,0,0 
31,51,47,25,10,54,62,85,0,0,1,0,0 
31,51,45,24,11,54,62,85,0,0,1,0,0 
31,53,43,24,11,55,62,85,0,0,1,0,0 
31,53,41,23,12,57,63,85,0,0,1,0,0 
32,54,39,22,13,58,65,84,0,0,1,0,0 
32,55,38,23,13,58,66,83,0,0,1,0,0 
31,56,38,24,13,58,67,82,0,0,1,0,0 
29,58,38,25,14,59,67,81,0,0,1,0,0 
28,59,40,27,14,59,67,80,0,0,1,0,0 
27,59,40,26,14,60,68,79,0,0,1,0,0 
26,61,41,26,14,60,68,79,0,0,1,0,0 
25,61,41,25,14,60,66,78,0,0,1,0,0 
25,60,42,25,14,59,65,78,0,0,1,0,0 
24,60,43,25,14,58,65,77,0,0,1,0,0 
23,61,45,26,13,58,65,77,0,0,1,0,0 
22,62,47,26,12,56,64,76,0,0,1,0,0 
22,64,48,27,11,55,64,75,0,0,1,0,0 
23,66,51,28,10,52,64,74,0,0,1,0,0 
23,67,53,28,9,50,63,74,0,0,1,0,0 
23,69,56,29,8,48,62,74,0,0,1,0,0 
24,71,58,31,7,48,60,73,0,0,1,0,0 
24,73,59,31,7,48,59,73,0,0,1,0,0 
24,75,58,32,7,48,57,73,0,0,1,0,0 
25,76,57,32,6,48,55,73,0,0,1,0,0 
25,77,57,31,6,49,55,73,0,0,1,0,0 
25,78,56,31,6,50,54,74,0,0,1,0,0 
26,79,56,31,5,50,53,74,0,0,1,0,0 
27,79,57,31,5,51,54,74,0,0,1,0,0 
28,80,56,31,4,53,54,74,0,0,1,0,0 
28,79,56,31,4,54,55,74,0,0,1,0,0 
30,78,56,31,4,54,55,74,0,0,1,0,0 
31,78,55,31,4,55,55,75,0,0,1,0,0 
32,77,55,31,4,56,55,75,0,0,1,0,0 
33,76,54,30,4,57,56,74,0,0,1,0,0 
34,74,52,29,3,57,56,74,0,0,1,0,0 
34,72,52,28,3,57,58,73,0,0,1,0,0 
34,71,52,28,3,57,59,72,0,0,1,0,0 
36,71,53,28,2,56,60,72,0,0,1,0,0 
36,70,54,27,3,55,61,71,0,0,1,0,0 
37,69,55,27,3,54,63,70,0,0,1,0,0 
38,68,56,27,3,53,64,69,0,0,1,0,0 
39,67,57,27,3,52,66,69,0,0,1,0,0 
40,67,57,28,3,51,68,69,0,0,1,0,0 
41,68,57,29,3,51,69,68,0,0,1,0,0 
41,69,57,29,3,50,71,69,0,0,1,0,0 
41,70,57,29,4,51,71,69,0,0,1,0,0 
40,70,57,29,4,51,72,69,0,0,1,0,0 
39,70,57,29,4,51,73,70,0,0,1,0,0 
38,69,57,29,5,52,72,70,0,0,1,0,0 
36,70,58,29,5,52,73,70,0,0,1,0,0 
35,69,59,30,5,54,72,71,0,0,1,0,0 
35,69,59,30,5,55,71,72,0,0,1,0,0 
35,69,58,31,5,56,71,73,0,0,1,0,0 
35,67,56,31,5,58,70,73,0,0,1,0,0 
35,65,55,32,5,60,69,74,0,0,1,0,0 
35,64,55,31,4,61,69,75,0,0,1,0,0 
35,64,54,31,4,62,68,76,0,0,1,0,0 
34,64,54,31,4,62,68,76,0,0,1,0,0 
34,63,53,32,5,62,67,77,0,0,1,0,0 
33,62,51,32,5,61,65,77,0,0,1,0,0 
33,61,51,31,6,61,64,78,0,0,1,0,0 
33,60,50,31,5,61,63,78,0,0,1,0,0 
34,59,49,31,5,61,62,77,0,0,1,0,0 
34,57,48,30,5,61,62,75,0,0,1,0,0 
34,56,47,30,5,61,63,75,0,0,1,0,0 
35,55,45,30,5,61,63,76,0,0,1,0,0 
36,55,43,30,5,59,64,75,0,0,1,0,0 
36,54,43,29,5,58,66,75,0,0,1,0,0 
36,55,42,27,5,57,67,75,0,0,1,0,0 
36,57,41,25,5,56,69,76,0,0,1,0,0 
37,58,40,24,5,55,71,76,0,0,1,0,0 
37,59,39,23,5,54,73,78,0,0,1,0,0 
38,60,37,21,4,54,74,78,0,0,1,0,0 
38,62,36,20,4,54,75,78,0,0,1,0,0 
38,62,35,20,3,54,77,77,0,0,1,0,0 
38,63,34,20,3,56,78,75,0,0,1,0,0 
37,64,33,20,2,56,80,75,0,0,1,0,0 
37,66,33,20,2,56,80,75,0,0,1,0,0 
37,68,34,20,1,56,80,76,0,0,1,0,0 
37,69,34,21,1,56,79,76,0,0,1,0,0 
37,70,35,21,1,57,80,75,0,0,1,0,0 
38,71,36,22,0,58,81,73,0,0,1,0,0 
39,71,36,22,0,59,81,74,0,0,1,0,0 
40,72,36,24,0,61,81,74,0,0,1,0,0 
40,72,36,25,0,64,81,73,0,0,1,0,0 
40,71,37,27,0,65,81,73,0,0,1,0,0 
40,70,37,29,1,66,81,71,0,0,1,0,0 
40,69,38,30,2,67,82,70,0,0,1,0,0 
40,67,39,31,3,68,82,70,0,0,1,0,0 
39,66,41,32,3,69,81,69,0,0,1,0,0 
39,64,42,31,4,70,81,70,0,0,1,0,0 
38,63,43,30,4,71,81,70,0,0,1,0,0 
38,63,44,29,4,72,80,70,0,0,1,0,0 
38,63,44,29,5,72,80,69,0,0,1,0,0 
38,63,43,28,5,71,80,68,0,0,1,0,0 
38,63,43,29,6,72,81,68,0,0,1,0,0 
37,64,44,29,6,72,82,69,0,0,1,0,0 
35,65,45,30,7,72,82,70,0,0,1,0,0 
34,66,46,31,7,72,83,71,0,0,1,0,0 
33,66,47,32,8,72,84,72,0,0,1,0,0 
31,66,48,32,8,72,84,72,0,0,1,0,0 
30,67,50,32,8,72,83,72,0,0,1,0,0 
30,67,51,32,8,72,82,72,0,0,1,0,0 
29,67,52,32,8,73,82,73,0,0,1,0,0 
29,67,53,32,7,73,81,73,0,0,1,0,0 
29,68,53,33,7,72,80,74,0,0,1,0,0 
30,69,54,33,7,71,78,75,0,0,1,0,0 
31,70,55,33,7,71,77,75,0,0,1,0,0 
33,70,55,34,7,70,77,75,0,0,1,0,0 
35,69,55,34,6,70,77,76,0,0,1,0,0 
36,69,56,34,6,71,77,77,0,0,1,0,0 
37,69,55,32,6,71,76,78,0,0,1,0,0 
38,68,54,32,5,71,76,79,0,0,1,0,0 
39,66,53,30,5,71,76,79,0,0,1,0,0 
40,65,51,29,5,69,75,79,0,0,1,0,0 
41,64,49,27,5,68,75,79,0,0,1,0,0 
42,64,47,26,5,67,74,79,0,0,1,0,0 
42,64,45,25,5,66,74,80,0,0,1,0,0 
42,65,42,24,4,65,75,81,0,0,1,0,0 
43,66,42,24,4,64,76,81,0,0,1,0,0 
46,67,41,24,4,64,76,80,0,0,1,0,0 
48,68,39,23,4,65,77,79,0,0,1,0,0 
49,69,37,23,4,64,79,79,0,0,1,0,0 
51,69,36,24,4,63,79,79,0,0,1,0,0 
52,68,36,24,5,63,80,80,0,0,1,0,0 
52,68,37,25,5,63,80,80,0,0,1,0,0 
53,67,36,25,5,61,81,80,0,0,1,0,0 
53,66,36,25,5,60,81,80,0,0,1,0,0 
53,66,37,26,5,58,81,80,0,0,1,0,0 
54,67,38,27,5,57,81,79,0,0,1,0,0 
53,68,38,27,5,56,80,80,0,0,1,0,0 
53,69,39,28,4,55,79,80,0,0,1,0,0 
52,68,40,28,4,55,79,80,0,0,1,0,0 
52,67,41,28,4,53,79,80,0,0,1,0,0 
51,66,43,29,4,51,77,80,0,0,1,0,0 
50,65,44,28,4,50,75,82,0,0,1,0,0 
48,64,44,28,4,49,74,83,0,0,1,0,0 
45,62,45,28,4,49,73,85,0,0,1,0,0 
43,60,46,27,4,49,73,85,0,0,1,0,0 
40,59,46,27,4,50,73,85,0,0,1,0,0 
37,59,46,27,4,50,73,86,0,0,1,0,0 
35,59,47,26,4,50,72,87,0,0,1,0,0 
33,60,47,26,4,51,70,87,0,0,1,0,0 
32,60,47,26,4,51,69,87,0,0,1,0,0 
31,60,48,26,4,53,68,86,0,0,1,0,0 
31,59,47,26,3,53,67,85,0,0,1,0,0 
30,58,48,25,3,55,67,84,0,0,1,0,0 
29,58,48,25,3,56,67,84,0,0,1,0,0 
29,59,49,25,3,57,67,84,0,0,1,0,0 
30,59,48,25,3,60,66,84,0,0,1,0,0 
30,60,47,26,2,63,66,84,0,0,1,0,0 
30,61,47,27,2,66,66,84,0,0,1,0,0 
31,61,47,27,2,67,67,83,0,0,1,0,0 
32,62,47,29,1,68,68,83,0,0,1,0,0 
32,63,48,29,1,67,67,83,0,0,1,0,0 
32,64,49,30,1,66,67,82,0,0,1,0,0 
33,65,50,31,2,65,68,81,0,0,1,0,0 
32,66,50,31,2,64,69,79,0,0,1,0,0 
32,67,52,32,2,64,70,78,0,0,1,0,0 
31,69,53,32,3,64,71,77,0,0,1,0,0 
31,70,54,33,3,66,72,77,0,0,1,0,0 
32,70,55,34,4,67,73,78,0,0,1,0,0 
32,70,56,36,4,68,73,78,0,0,1,0,0 
34,69,56,37,5,69,75,79,0,0,1,0,0 
35,69,56,38,5,68,76,79,0,0,1,0,0 
36,69,56,39,6,68,77,80,0,0,1,0,0 
37,69,56,39,7,67,78,80,0,0,1,0,0 
37,68,55,39,7,67,79,79,0,0,1,0,0 
37,68,55,39,8,66,80,79,0,0,1,0,0 
37,66,54,38,8,67,79,78,0,0,1,0,0 
38,65,52,38,8,68,80,78,0,0,1,0,0 
39,63,51,38,9,70,80,78,0,0,1,0,0 
40,61,49,37,9,73,80,78,0,0,1,0,0 
42,58,47,37,9,76,80,79,0,0,1,0,0 
43,57,45,36,8,77,78,79,0,0,1,0,0 
43,55,44,35,8,78,77,81,0,0,1,0,0 
43,55,43,34,7,79,77,82,0,0,1,0,0 
44,56,42,32,7,79,75,83,0,0,1,0,0 
43,56,43,30,7,79,74,83,0,0,1,0,0 
42,57,44,29,7,79,73,83,0,0,1,0,0 
42,57,46,28,7,79,72,83,0,0,1,0,0 
41,57,46,27,6,79,71,82,0,0,1,0,0 
41,55,47,26,6,78,70,82,0,0,1,0,0 
40,55,47,25,6,77,69,82,0,0,1,0,0 
40,55,48,23,5,77,69,81,0,0,1,0,0 
39,57,49,22,5,77,69,81,0,0,1,0,0 
38,59,51,22,5,76,69,81,0,0,1,0,0 
38,61,54,22,5,75,69,82,0,0,1,0,0 
38,63,57,24,5,74,69,82,0,0,1,0,0 
38,65,58,25,6,73,69,82,0,0,1,0,0 
39,67,60,27,6,72,69,81,0,0,1,0,0 
40,67,61,29,6,71,69,80,0,0,1,0,0 
41,67,62,31,7,70,68,78,0,0,1,0,0 
43,67,61,33,8,69,68,78,0,0,1,0,0 
45,67,59,34,9,67,68,77,0,0,1,0,0 
46,67,57,35,10,65,69,76,0,0,1,0,0 
47,67,56,35,10,64,69,75,0,0,1,0,0 
47,67,55,35,11,62,69,75,0,0,1,0,0 
48,68,55,36,12,60,70,75,0,0,1,0,0 
48,69,54,36,12,59,70,75,0,0,1,0,0 
49,70,55,37,13,58,70,75,0,0,1,0,0 
49,70,55,37,13,57,70,75,0,0,1,0,0 
49,70,53,37,13,56,70,75,0,0,1,0,0 
49,69,52,36,13,56,70,75,0,0,1,0,0 
48,68,51,35,13,56,70,76,0,0,1,0,0 
48,66,50,33,13,55,71,77,0,0,1,0,0 
48,64,49,31,12,53,73,77,0,0,1,0,0 
47,62,48,29,12,52,75,77,0,0,1,0,0 
47,60,48,27,11,51,77,78,0,0,1,0,0 
47,59,47,26,10,51,79,79,0,0,1,0,0 
46,57,47,24,9,51,80,78,0,0,1,0,0 
45,55,47,23,8,52,81,79,0,0,1,0,0 
44,54,47,23,7,54,81,79,0,0,1,0,0 
44,52,47,23,6,55,82,79,0,0,1,0,0 
43,51,47,23,5,56,83,78,0,0,1,0,0 
43,49,47,23,4,57,84,78,0,0,1,0,0 
42,48,45,23,4,57,85,77,0,0,1,0,0 
42,46,45,23,3,57,84,76,0,0,1,0,0 
43,46,45,22,3,57,85,75,0,0,1,0,0 
43,47,46,22,2,57,84,73,0,0,1,0,0 
42,49,46,22,2,56,83,72,0,0,1,0,0 
41,50,48,23,2,57,82,72,0,0,1,0,0 
40,52,49,23,2,58,80,72,0,0,1,0,0 
40,55,50,24,3,60,78,71,0,0,1,0,0 
40,58,52,26,4,63,75,71,0,0,1,0,0 
39,60,54,28,6,64,72,71,0,0,1,0,0 
39,63,55,30,8,64,70,72,0,0,1,0,0 
39,66,57,31,10,65,68,72,0,0,1,0,0 
41,67,58,32,12,65,67,71,0,0,1,0,0 
42,68,59,32,14,67,65,71,0,0,1,0,0 
42,69,59,33,15,68,63,72,0,0,1,0,0 
43,69,59,33,17,68,62,72,0,0,1,0,0 
44,70,59,33,19,68,61,71,0,0,1,0,0 
44,71,58,32,20,69,62,72,0,0,1,0,0 
44,71,57,32,21,69,61,72,0,0,1,0,0 
45,70,55,33,22,68,60,72,0,0,1,0,0 
45,70,53,34,23,69,61,72,0,0,1,0,0 
46,69,50,34,24,68,62,72,0,0,1,0,0 
45,68,48,34,25,67,64,72,0,0,1,0,0 
45,67,46,33,25,65,65,72,0,0,1,0,0 
44,66,44,31,24,63,67,72,0,0,1,0,0 
43,66,43,30,23,63,68,71,0,0,1,0,0 
43,64,42,28,22,62,68,70,0,0,1,0,0 
42,63,41,27,20,61,68,70,0,0,1,0,0 
41,61,40,26,18,60,69,71,0,0,1,0,0 
39,60,38,26,17,59,71,71,0,0,1,0,0 
39,58,37,24,16,59,72,71,0,0,1,0,0 
38,57,37,24,15,60,71,71,0,0,1,0,0 
38,55,37,24,14,61,71,72,0,0,1,0,0 
38,53,37,23,13,61,71,72,0,0,1,0,0 
38,53,37,23,12,62,71,72,0,0,1,0,0 
38,52,37,22,12,63,72,73,0,0,1,0,0 
37,51,39,21,11,65,72,74,0,0,1,0,0 
37,51,40,21,11,65,71,74,0,0,1,0,0 
37,50,42,20,11,66,69,74,0,0,1,0,0 
38,48,43,20,10,66,68,74,0,0,1,0,0 
38,47,43,20,10,66,67,74,0,0,1,0,0 
39,46,43,20,11,67,68,75,0,0,1,0,0 
40,46,43,20,11,67,69,74,0,0,1,0,0 
41,46,43,19,11,68,68,75,0,0,1,0,0 
42,46,43,20,11,69,67,75,0,0,1,0,0 
43,46,43,19,11,70,67,75,0,0,1,0,0 
44,47,43,20,11,70,66,76,0,0,1,0,0 
45,48,42,19,11,70,65,77,0,0,1,0,0 
45,51,41,19,11,69,65,77,0,0,1,0,0 
45,52,41,19,10,69,63,77,0,0,1,0,0 
45,52,41,19,10,69,63,77,0,0,1,0,0 
46,53,42,20,10,69,62,77,0,0,1,0,0 
47,54,41,19,10,67,61,77,0,0,1,0,0 
47,54,40,19,9,66,61,77,0,0,1,0,0 
48,56,40,20,9,64,61,78,0,0,1,0,0 
48,57,40,21,9,64,62,78,0,0,1,0,0 
48,59,42,23,10,65,61,79,0,0,1,0,0 
47,59,43,25,10,64,60,80,0,0,1,0,0 
45,61,44,26,11,65,60,81,0,0,1,0,0 
43,62,45,27,11,64,61,81,0,0,1,0,0 
41,63,46,28,12,63,61,82,0,0,1,0,0 
39,64,47,28,12,63,61,81,0,0,1,0,0 
38,64,48,29,13,63,62,80,0,0,1,0,0 
36,63,50,30,13,64,63,79,0,0,1,0,0 
35,63,52,31,14,64,64,79,0,0,1,0,0 
34,63,53,31,14,62,66,79,0,0,1,0,0 
33,62,54,32,14,61,67,79,0,0,1,0,0 
31,62,55,32,14,59,68,79,0,0,1,0,0 
30,61,55,33,14,58,70,79,0,0,1,0,0 
29,62,55,33,14,57,71,80,0,0,1,0,0 
29,63,55,33,14,57,71,81,0,0,1,0,0 
29,64,54,32,12,56,71,81,0,0,1,0,0 
29,65,52,31,11,55,71,81,0,0,1,0,0 
29,66,51,30,10,54,71,81,0,0,1,0,0 
29,66,50,29,9,53,71,80,0,0,1,0,0 
29,67,49,29,7,53,71,81,0,0,1,0,0 
28,69,48,28,6,54,71,81,0,0,1,0,0 
29,70,47,28,5,54,70,82,0,0,1,0,0 
29,72,46,28,5,54,70,83,0,0,1,0,0 
29,74,46,27,4,54,69,85,0,0,1,0,0 
29,76,44,27,4,55,67,86,0,0,1,0,0 
30,77,43,27,4,56,66,87,0,0,1,0,0 
31,79,42,27,4,57,65,88,0,0,1,0,0 
32,80,43,28,4,59,64,88,0,0,1,0,0 
32,81,44,28,4,60,61,89,0,0,1,0,0 
31,81,45,28,4,62,60,89,0,0,1,0,0 
30,80,45,28,5,63,59,90,0,0,1,0,0 
31,79,46,28,5,63,59,90,0,0,1,0,0 
32,78,47,28,5,64,59,91,0,0,1,0,0 
33,77,49,28,5,65,59,92,0,0,1,0,0 
34,77,50,29,5,65,59,92,0,0,1,0,0 
35,76,51,29,6,66,60,91,0,0,1,0,0 
37,74,52,29,6,65,61,90,0,0,1,0,0 
38,74,53,30,6,64,61,90,0,0,1,0,0 
39,73,53,31,6,64,61,89,0,0,1,0,0 
39,72,52,31,6,63,62,87,0,0,1,0,0 
40,71,53,31,6,62,64,85,0,0,1,0,0 
40,70,53,30,5,62,64,83,0,0,1,0,0 
41,68,52,30,5,62,65,81,0,0,1,0,0 
41,67,50,30,5,62,66,80,0,0,1,0,0 
41,67,49,29,4,61,67,79,0,0,1,0,0 
40,67,47,28,4,61,68,78,0,0,1,0,0 
40,67,46,28,3,60,68,77,0,0,1,0,0 
39,68,45,28,3,60,67,76,0,0,1,0,0 
38,69,43,27,3,61,66,74,0,0,1,0,0 
37,70,41,26,3,61,65,73,0,0,1,0,0 
38,71,39,26,3,62,65,73,0,0,1,0,0 
38,72,37,26,3,62,65,73,0,0,1,0,0 
39,72,35,25,3,63,64,73,0,0,1,0,0 
39,71,34,24,3,63,63,73,0,0,1,0,0 
39,71,33,23,3,63,63,74,0,0,1,0,0 
39,72,32,22,3,63,64,76,0,0,1,0,0 
38,72,31,22,4,64,64,77,0,0,1,0,0 
38,72,31,22,4,64,65,78,0,0,1,0,0 
38,73,32,21,4,64,66,80,0,0,1,0,0 
38,74,31,21,4,63,67,81,0,0,1,0,0 
39,75,32,21,4,63,67,81,0,0,1,0,0 
40,75,34,20,4,63,68,81,0,0,1,0,0 
41,75,35,20,5,63,69,81,0,0,1,0,0 
42,76,36,19,5,62,69,81,0,0,1,0,0 
42,75,37,19,4,61,70,82,0,0,1,0,0 
42,74,39,19,4,60,70,83,0,0,1,0,0 
41,72,39,18,5,59,69,84,0,0,1,0,0 
40,70,40,18,5,58,68,85,0,0,1,0,0 
40,69,41,17,5,57,68,86,0,0,1,0,0 
39,69,42,17,5,56,67,87,0,0,1,0,0 
39,67,43,17,5,55,66,87,0,0,1,0,0 
38,65,44,17,5,54,65,87,0,0,1,0,0 
37,63,45,17,5,53,64,88,0,0,1,0,0 
36,61,45,19,5,52,64,88,0,0,1,0,0 
35,58,45,20,5,50,63,88,0,0,1,0,0 
34,55,46,22,5,49,63,86,0,0,1,0,0 
33,53,45,24,5,48,63,86,0,0,1,0,0 
32,51,43,26,5,47,63,84,0,0,1,0,0 
31,51,42,28,5,47,63,83,0,0,1,0,0 
31,49,41,29,5,46,63,82,0,0,1,0,0 
30,49,39,30,5,46,64,82,0,0,1,0,0 
30,49,37,31,5,47,65,81,0,0,1,0,0 
31,49,37,32,5,48,66,81,0,0,1,0,0 
32,50,36,34,4,49,67,81,0,0,1,0,0 
32,50,36,35,4,51,68,81,0,0,1,0,0 
33,50,36,36,4,52,69,81,0,0,1,0,0 
33,50,36,37,4,55,69,80,0,0,1,0,0 
34,50,37,38,4,57,69,79,0,0,1,0,0 
34,51,37,38,5,60,69,78,0,0,1,0,0 
34,51,37,37,5,62,67,77,0,0,1,0,0 
35,51,37,36,5,64,66,77,0,0,1,0,0 
36,52,37,34,6,67,65,77,0,0,1,0,0 
37,53,37,33,6,69,64,78,0,0,1,0,0 
38,54,38,32,6,70,64,78,0,0,1,0,0 
40,55,38,31,7,71,64,78,0,0,1,0,0 
40,56,38,30,7,72,65,78,0,0,1,0,0 
41,57,39,29,7,72,66,78,0,0,1,0,0 
41,57,39,28,7,71,66,78,0,0,1,0,0 
40,57,38,27,7,69,65,77,0,0,1,0,0 
39,56,38,25,7,67,64,76,0,0,1,0,0 
37,56,37,24,8,65,62,73,0,0,1,0,0 
37,56,38,24,8,62,62,71,0,0,1,0,0 
38,56,39,23,8,58,60,70,0,0,1,0,0 
39,56,39,22,7,55,60,68,0,0,1,0,0 
40,56,40,23,7,51,60,69,0,0,1,0,0 
41,56,40,23,7,49,61,69,0,0,1,0,0 
43,56,41,24,8,47,61,69,0,0,1,0,0 
44,57,41,24,7,44,61,69,0,0,1,0,0 
45,57,42,25,7,43,61,68,0,0,1,0,0 
46,57,42,26,7,42,61,68,0,0,1,0,0 
45,57,43,27,7,43,62,69,0,0,1,0,0 
46,56,44,28,7,43,61,68,0,0,1,0,0 
46,56,45,29,7,45,61,67,0,0,1,0,0 
46,56,46,29,7,47,62,66,0,0,1,0,0 
46,57,47,30,7,48,62,65,0,0,1,0,0 
46,57,47,30,7,50,63,64,0,0,1,0,0 
46,57,48,30,7,52,64,65,0,0,1,0,0 
46,58,48,30,7,55,64,65,0,0,1,0,0 
44,59,47,30,8,57,65,65,0,0,1,0,0 
43,60,47,31,8,60,64,64,0,0,1,0,0 
43,61,48,31,8,64,64,63,0,0,1,0,0 
43,61,49,30,8,67,64,62,0,0,1,0,0 
41,60,50,29,8,69,63,61,0,0,1,0,0 
40,59,51,28,8,70,64,60,0,0,1,0,0 
38,58,50,26,8,71,64,61,0,0,1,0,0 
36,56,50,24,7,71,62,62,0,0,1,0,0 
35,54,50,23,7,71,61,61,0,0,1,0,0 
33,52,49,22,6,71,60,61,0,0,1,0,0 
37,63,45,17,5,53,64,88,0,0,1,0,0 
36,61,45,19,5,52,64,88,0,0,1,0,0 
35,58,45,20,5,50,63,88,0,0,1,0,0 
34,55,46,22,5,49,63,86,0,0,1,0,0 
33,53,45,24,5,48,63,86,0,0,1,0,0 
32,51,43,26,5,47,63,84,0,0,1,0,0 
31,51,42,28,5,47,63,83,0,0,1,0,0 
31,49,41,29,5,46,63,82,0,0,1,0,0 
30,49,39,30,5,46,64,82,0,0,1,0,0 
30,49,37,31,5,47,65,81,0,0,1,0,0 
31,49,37,32,5,48,66,81,0,0,1,0,0 
32,50,36,34,4,49,67,81,0,0,1,0,0 
32,50,36,35,4,51,68,81,0,0,1,0,0 
33,50,36,36,4,52,69,81,0,0,1,0,0 
33,50,36,37,4,55,69,80,0,0,1,0,0 
34,50,37,38,4,57,69,79,0,0,1,0,0 
34,51,37,38,5,60,69,78,0,0,1,0,0 
34,51,37,37,5,62,67,77,0,0,1,0,0 
35,51,37,36,5,64,66,77,0,0,1,0,0 
36,52,37,34,6,67,65,77,0,0,1,0,0 
37,53,37,33,6,69,64,78,0,0,1,0,0 
